COSMIC_CNV_ID	COSMIC_GENE_ID	GENE_SYMBOL	COSMIC_SAMPLE_ID	SAMPLE_NAME	COSMIC_PHENOTYPE_ID	TOTAL_CN	MINOR_ALLELE	MUT_TYPE	COSMIC_STUDY_ID	CHROMOSOME	GENOME_START	GENOME_STOP
COSCNV6269435	COSG37998	KRTAP5-9	COSS1240121	BICR22	COSO29324862	8	1	gain	COSU619	11	68864670	71451601
COSCNV6269377	COSG39521	SIAH2	COSS1240121	BICR22	COSO29324862	6	2	gain	COSU619	3	147490113	154393033
COSCNV6269377	COSG42644	CLRN1	COSS1240121	BICR22	COSO29324862	6	2	gain	COSU619	3	147490113	154393033
COSCNV6269474	COSG55648	ZNF396	COSS1240121	BICR22	COSO29324862	5	1	gain	COSU619	18	28686332	36528650
COSCNV6269345	COSG55604	LCE3B	COSS1240121	BICR22	COSO29324862	0	0	loss	COSU619	1	152555707	152586541
COSCNV6269497	COSG53232	DEFB105B	COSS1240121	BICR22	COSO29324862	0	0	loss	COSU619	8	7250381	7876104
COSCNV6269382	COSG54353	EIF5A2	COSS1240121	BICR22	COSO29324862	6	2	gain	COSU619	3	163525723	183565485
COSCNV6269537	COSG57011	PRY2	COSS1240121	BICR22	COSO29324862	0	0	loss	COSU619	Y	13800929	26319960
COSCNV6269382	COSG56808	LRRC31	COSS1240121	BICR22	COSO29324862	6	2	gain	COSU619	3	163525723	183565485
COSCNV6269377	COSG53030	AADAC	COSS1240121	BICR22	COSO29324862	6	2	gain	COSU619	3	147490113	154393033
COSCNV6269378	COSG52925	LXN	COSS1240121	BICR22	COSO29324862	5	2	gain	COSU619	3	154395699	161617418
COSCNV6269478	COSG55183	RP4-576H24.4	COSS1240121	BICR22	COSO29324862	8	1	gain	COSU619	20	1560788	1593894
COSCNV6269537	COSG56572	DAZ2	COSS1240121	BICR22	COSO29324862	0	0	loss	COSU619	Y	13800929	26319960
COSCNV6269537	COSG52799	DAZ3	COSS1240121	BICR22	COSO29324862	0	0	loss	COSU619	Y	13800929	26319960
COSCNV6269541	COSG52799	DAZ3	COSS1240121	BICR22	COSO29324862	0	0	loss	COSU619	Y	26482388	27022390
COSCNV6269435	COSG47920	KRTAP5-10	COSS1240121	BICR22	COSO29324862	8	1	gain	COSU619	11	68864670	71451601
COSCNV6269533	COSG51475	TSPY6P	COSS1240121	BICR22	COSO29324862	0	0	loss	COSU619	Y	6615355	9525915
COSCNV6269378	COSG47884	SSR3	COSS1240121	BICR22	COSO29324862	5	2	gain	COSU619	3	154395699	161617418
COSCNV6269377	COSG52587	MINDY4B	COSS1240121	BICR22	COSO29324862	6	2	gain	COSU619	3	147490113	154393033
COSCNV6269497	COSG52600	SPAG11A	COSS1240121	BICR22	COSO29324862	0	0	loss	COSU619	8	7250381	7876104
COSCNV6269537	COSG56159	HSFY1	COSS1240121	BICR22	COSO29324862	0	0	loss	COSU619	Y	13800929	26319960
COSCNV6269474	COSG52544	KIAA1328	COSS1240121	BICR22	COSO29324862	5	1	gain	COSU619	18	28686332	36528650
COSCNV6269378	COSG52553	B3GALNT1	COSS1240121	BICR22	COSO29324862	5	2	gain	COSU619	3	154395699	161617418
COSCNV6269382	COSG54837	PLD1	COSS1240121	BICR22	COSO29324862	6	2	gain	COSU619	3	163525723	183565485
COSCNV6269537	COSG53619	RBMY1D	COSS1240121	BICR22	COSO29324862	0	0	loss	COSU619	Y	13800929	26319960
COSCNV6269497	COSG54661	DEFB4A	COSS1240121	BICR22	COSO29324862	0	0	loss	COSU619	8	7250381	7876104
COSCNV6269377	COSG56511	ANKUB1	COSS1240121	BICR22	COSO29324862	6	2	gain	COSU619	3	147490113	154393033
COSCNV6269474	COSG56756	DSC1	COSS1240121	BICR22	COSO29324862	5	1	gain	COSU619	18	28686332	36528650
COSCNV6269518	COSG56539	SRY	COSS1240121	BICR22	COSO29324862	0	0	loss	COSU619	Y	2650439	2946026
COSCNV6269537	COSG54547	TMSB4Y	COSS1240121	BICR22	COSO29324862	0	0	loss	COSU619	Y	13800929	26319960
COSCNV6269377	COSG51920	TM4SF4	COSS1240121	BICR22	COSO29324862	6	2	gain	COSU619	3	147490113	154393033
COSCNV6269377	COSG51925	WWTR1	COSS1240121	BICR22	COSO29324862	6	2	gain	COSU619	3	147490113	154393033
COSCNV6269382	COSG52335	ACTRT3	COSS1240121	BICR22	COSO29324862	6	2	gain	COSU619	3	163525723	183565485
COSCNV6269537	COSG49743	AC010877.1	COSS1240121	BICR22	COSO29324862	0	0	loss	COSU619	Y	13800929	26319960
COSCNV6269377	COSG51839	SELT	COSS1240121	BICR22	COSO29324862	6	2	gain	COSU619	3	147490113	154393033
COSCNV6269377	COSG49918	P2RY14	COSS1240121	BICR22	COSO29324862	6	2	gain	COSU619	3	147490113	154393033
COSCNV6269474	COSG49882	KLHL14	COSS1240121	BICR22	COSO29324862	5	1	gain	COSU619	18	28686332	36528650
COSCNV6269377	COSG48465	RAP2B	COSS1240121	BICR22	COSO29324862	6	2	gain	COSU619	3	147490113	154393033
COSCNV6269537	COSG49588	DDX3Y	COSS1240121	BICR22	COSO29324862	0	0	loss	COSU619	Y	13800929	26319960
COSCNV6269370	COSG50458	RP11-894J14.5	COSS1240121	BICR22	COSO29324862	0	0	loss	COSU619	3	53028375	53070034
COSCNV6269537	COSG48319	UTY	COSS1240121	BICR22	COSO29324862	0	0	loss	COSU619	Y	13800929	26319960
COSCNV6269378	COSG57111	NMD3	COSS1240121	BICR22	COSO29324862	5	2	gain	COSU619	3	154395699	161617418
COSCNV6269474	COSG47839	RP11-322E11.6	COSS1240121	BICR22	COSO29324862	5	1	gain	COSU619	18	28686332	36528650
COSCNV6269382	COSG47605	LRRIQ4	COSS1240121	BICR22	COSO29324862	6	2	gain	COSU619	3	163525723	183565485
COSCNV6269382	COSG49138	SKIL	COSS1240121	BICR22	COSO29324862	6	2	gain	COSU619	3	163525723	183565485
COSCNV6269537	COSG47574	KDM5D	COSS1240121	BICR22	COSO29324862	0	0	loss	COSU619	Y	13800929	26319960
COSCNV6269382	COSG48942	TNFSF10	COSS1240121	BICR22	COSO29324862	6	2	gain	COSU619	3	163525723	183565485
COSCNV6269497	COSG52044	SPAG11B	COSS1240121	BICR22	COSO29324862	0	0	loss	COSU619	8	7250381	7876104
COSCNV6269520	COSG50106	TGIF2LY	COSS1240121	BICR22	COSO29324862	0	0	loss	COSU619	Y	3289986	3605767
COSCNV6269537	COSG48869	BPY2B	COSS1240121	BICR22	COSO29324862	0	0	loss	COSU619	Y	13800929	26319960
COSCNV6269541	COSG48869	BPY2B	COSS1240121	BICR22	COSO29324862	0	0	loss	COSU619	Y	26482388	27022390
COSCNV6269382	COSG52151	SOX2	COSS1240121	BICR22	COSO29324862	6	2	gain	COSU619	3	163525723	183565485
COSCNV6269474	COSG50873	GALNT1	COSS1240121	BICR22	COSO29324862	5	1	gain	COSU619	18	28686332	36528650
COSCNV6269474	COSG57207	DTNA	COSS1240121	BICR22	COSO29324862	5	1	gain	COSU619	18	28686332	36528650
COSCNV6269378	COSG51408	IQCJ	COSS1240121	BICR22	COSO29324862	5	2	gain	COSU619	3	154395699	161617418
COSCNV6269537	COSG29378	RBMY1E	COSS1240121	BICR22	COSO29324862	0	0	loss	COSU619	Y	13800929	26319960
COSCNV6269377	COSG31131	P2RY1	COSS1240121	BICR22	COSO29324862	6	2	gain	COSU619	3	147490113	154393033
COSCNV6269382	COSG29054	LAMP3	COSS1240121	BICR22	COSO29324862	6	2	gain	COSU619	3	163525723	183565485
COSCNV6269389	COSG32436	TXK	COSS1240121	BICR22	COSO29324862	6	1	gain	COSU619	4	47460516	48669089
COSCNV6269382	COSG45608	GHSR	COSS1240121	BICR22	COSO29324862	6	2	gain	COSU619	3	163525723	183565485
COSCNV6269377	COSG43296	P2RY12	COSS1240121	BICR22	COSO29324862	6	2	gain	COSU619	3	147490113	154393033
COSCNV6269377	COSG45530	GPR87	COSS1240121	BICR22	COSO29324862	6	2	gain	COSU619	3	147490113	154393033
COSCNV6269382	COSG45334	TNIK	COSS1240121	BICR22	COSO29324862	6	2	gain	COSU619	3	163525723	183565485
COSCNV6269516	COSG30221	SPIN4	COSS1240121	BICR22	COSO29324862	0	0	loss	COSU619	X	61967760	62578789
COSCNV6269377	COSG46676	EIF2A	COSS1240121	BICR22	COSO29324862	6	2	gain	COSU619	3	147490113	154393033
COSCNV6269474	COSG46702	TRAPPC8	COSS1240121	BICR22	COSO29324862	5	1	gain	COSU619	18	28686332	36528650
COSCNV6269497	COSG28821	DEFB106A	COSS1240121	BICR22	COSO29324862	0	0	loss	COSU619	8	7250381	7876104
COSCNV6269378	COSG28399	C3orf80	COSS1240121	BICR22	COSO29324862	5	2	gain	COSU619	3	154395699	161617418
COSCNV6269537	COSG32053	BPY2C	COSS1240121	BICR22	COSO29324862	0	0	loss	COSU619	Y	13800929	26319960
COSCNV6269382	COSG28362	NCEH1	COSS1240121	BICR22	COSO29324862	6	2	gain	COSU619	3	163525723	183565485
COSCNV6269377	COSG32029	COMMD2	COSS1240121	BICR22	COSO29324862	6	2	gain	COSU619	3	147490113	154393033
COSCNV6269537	COSG33057	RBMY1F	COSS1240121	BICR22	COSO29324862	0	0	loss	COSU619	Y	13800929	26319960
COSCNV6269382	COSG31083	GNB4	COSS1240121	BICR22	COSO29324862	6	2	gain	COSU619	3	163525723	183565485
COSCNV6269345	COSG44128	LCE3C	COSS1240121	BICR22	COSO29324862	0	0	loss	COSU619	1	152555707	152586541
COSCNV6269377	COSG46534	TMEM14EP	COSS1240121	BICR22	COSO29324862	6	2	gain	COSU619	3	147490113	154393033
COSCNV6269497	COSG42916	PRR23D1	COSS1240121	BICR22	COSO29324862	0	0	loss	COSU619	8	7250381	7876104
COSCNV6269474	COSG47120	CCDC178	COSS1240121	BICR22	COSO29324862	5	1	gain	COSU619	18	28686332	36528650
COSCNV6269382	COSG43926	B3GNT5	COSS1240121	BICR22	COSO29324862	6	2	gain	COSU619	3	163525723	183565485
COSCNV6269474	COSG45095	ZNF397	COSS1240121	BICR22	COSO29324862	5	1	gain	COSU619	18	28686332	36528650
COSCNV6269435	COSG46885	CTTN	COSS1240121	BICR22	COSO29324862	8	1	gain	COSU619	11	68864670	71451601
COSCNV6269382	COSG46102	FNDC3B	COSS1240121	BICR22	COSO29324862	6	2	gain	COSU619	3	163525723	183565485
COSCNV6269533	COSG44966	AC006156.1	COSS1240121	BICR22	COSO29324862	0	0	loss	COSU619	Y	6615355	9525915
COSCNV6269497	COSG43395	DEFB105A	COSS1240121	BICR22	COSO29324862	0	0	loss	COSU619	8	7250381	7876104
COSCNV6269497	COSG45682	DEFB107A	COSS1240121	BICR22	COSO29324862	0	0	loss	COSU619	8	7250381	7876104
COSCNV6269474	COSG47181	DSG4	COSS1240121	BICR22	COSO29324862	5	1	gain	COSU619	18	28686332	36528650
COSCNV6269474	COSG43145	MAPRE2	COSS1240121	BICR22	COSO29324862	5	1	gain	COSU619	18	28686332	36528650
COSCNV6269382	COSG44234	TBL1XR1	COSS1240121	BICR22	COSO29324862	6	2	gain	COSU619	3	163525723	183565485
COSCNV6269474	COSG41649	MEP1B	COSS1240121	BICR22	COSO29324862	5	1	gain	COSU619	18	28686332	36528650
COSCNV6269382	COSG39142	NAALADL2	COSS1240121	BICR22	COSO29324862	6	2	gain	COSU619	3	163525723	183565485
COSCNV6269377	COSG41473	ARHGEF26	COSS1240121	BICR22	COSO29324862	6	2	gain	COSU619	3	147490113	154393033
COSCNV6269378	COSG41369	VEPH1	COSS1240121	BICR22	COSO29324862	5	2	gain	COSU619	3	154395699	161617418
COSCNV6269474	COSG40190	RNF125	COSS1240121	BICR22	COSO29324862	5	1	gain	COSU619	18	28686332	36528650
COSCNV6269382	COSG40286	LRRC34	COSS1240121	BICR22	COSO29324862	6	2	gain	COSU619	3	163525723	183565485
COSCNV6269435	COSG42488	FGF4	COSS1240121	BICR22	COSO29324862	8	1	gain	COSU619	11	68864670	71451601
COSCNV6269389	COSG41991	COMMD8	COSS1240121	BICR22	COSO29324862	6	1	gain	COSU619	4	47460516	48669089
COSCNV6269378	COSG40217	C3orf33	COSS1240121	BICR22	COSO29324862	5	2	gain	COSU619	3	154395699	161617418
COSCNV6269377	COSG40999	HLTF	COSS1240121	BICR22	COSO29324862	6	2	gain	COSU619	3	147490113	154393033
COSCNV6269377	COSG45318	TSC22D2	COSS1240121	BICR22	COSO29324862	6	2	gain	COSU619	3	147490113	154393033
COSCNV6269378	COSG41874	ARL14	COSS1240121	BICR22	COSO29324862	5	2	gain	COSU619	3	154395699	161617418
