GENE_SYMBOL	COSMIC_GENE_ID	TRANSCRIPT_ACCESSION	MUTATION_NC_ID	SAMPLE_NAME	COSMIC_SAMPLE_ID	COSMIC_PHENOTYPE_ID	GENOMIC_MUTATION_ID	LEGACY_MUTATION_ID	ZYGOSITY	CHROMOSOME	GENOME_START	GENOME_STOP	GENOMIC_WT_ALLELE	GENOMIC_MUT_ALLELE	COSMIC_STUDY_ID	PUBMED_PMID	HGVSG	MUTATION_SOMATIC_STATUS
FAM171A2	COSG16424	ENST00000293443.7	59790909	NCI-H1648	COSS687799	COSO29915674	COSV50006113	COSM3190998	Heterozygous	17	42427889	42427889	C	G	COSU619		17:g.42427889C>G	Variant of unknown origin
GRN	COSG40537	ENST00000586443.1	86319373	NCI-H1648	COSS687799	COSO29915674	COSV50006113	COSM3190998	Heterozygous	17	42427889	42427889	C	G	COSU619		17:g.42427889C>G	Variant of unknown origin
GRN	COSG40537	ENST00000587387.1	86262722	NCI-H1648	COSS687799	COSO29915674	COSV50006113	COSM3190998	Heterozygous	17	42427889	42427889	C	G	COSU619		17:g.42427889C>G	Variant of unknown origin
GRN	COSG40537	ENST00000592323.1	85634774	NCI-H1648	COSS687799	COSO29915674	COSV50006113	COSM3190998	Heterozygous	17	42427889	42427889	C	G	COSU619		17:g.42427889C>G	Variant of unknown origin
GRN	COSG40537	ENST00000589536.1	86000902	NCI-H1648	COSS687799	COSO29915674	COSV50006113	COSM3190998	Heterozygous	17	42427889	42427889	C	G	COSU619		17:g.42427889C>G	Variant of unknown origin
GRN	COSG40537	ENST00000587109.1	85830811	NCI-H1648	COSS687799	COSO29915674	COSV50006113	COSM3190998	Heterozygous	17	42427889	42427889	C	G	COSU619		17:g.42427889C>G	Variant of unknown origin
GRN	COSG40537	ENST00000589923.1	86672177	NCI-H1648	COSS687799	COSO29915674	COSV50006113	COSM3190998	Heterozygous	17	42427889	42427889	C	G	COSU619		17:g.42427889C>G	Variant of unknown origin
GRN	COSG40537	ENST00000592783.1	87143959	NCI-H1648	COSS687799	COSO29915674	COSV50006113	COSM3190998	Heterozygous	17	42427889	42427889	C	G	COSU619		17:g.42427889C>G	Variant of unknown origin
GRN	COSG40537	ENST00000588143.1	85061448	NCI-H1648	COSS687799	COSO29915674	COSV50006113	COSM3190998	Heterozygous	17	42427889	42427889	C	G	COSU619		17:g.42427889C>G	Variant of unknown origin
GRN	COSG40537	ENST00000585348.1	86401670	NCI-H1648	COSS687799	COSO29915674	COSV50006113	COSM3190998	Heterozygous	17	42427889	42427889	C	G	COSU619		17:g.42427889C>G	Variant of unknown origin
GRN	COSG40537	ENST00000587518.1	86391579	NCI-H1648	COSS687799	COSO29915674	COSV50006113	COSM3190998	Heterozygous	17	42427889	42427889	C	G	COSU619		17:g.42427889C>G	Variant of unknown origin
GRN	COSG40537	ENST00000591740.1	86636479	NCI-H1648	COSS687799	COSO29915674	COSV50006113	COSM3190998	Heterozygous	17	42427889	42427889	C	G	COSU619		17:g.42427889C>G	Variant of unknown origin
GRN	COSG40537	ENST00000585512.1	84700323	NCI-H1648	COSS687799	COSO29915674	COSV50006113	COSM3190998	Heterozygous	17	42427889	42427889	C	G	COSU619		17:g.42427889C>G	Variant of unknown origin
GRN	COSG40537	ENST00000588170.1	85092163	NCI-H1648	COSS687799	COSO29915674	COSV50006113	COSM3190998	Heterozygous	17	42427889	42427889	C	G	COSU619		17:g.42427889C>G	Variant of unknown origin
GRN	COSG40537	ENST00000586242.1	86014817	NCI-H1648	COSS687799	COSO29915674	COSV50006113	COSM3190998	Heterozygous	17	42427889	42427889	C	G	COSU619		17:g.42427889C>G	Variant of unknown origin
GRN	COSG40537	ENST00000587958.1	86938667	NCI-H1648	COSS687799	COSO29915674	COSV50006113	COSM3190998	Heterozygous	17	42427889	42427889	C	G	COSU619		17:g.42427889C>G	Variant of unknown origin
GRN	COSG40537	ENST00000593167.1	85800914	NCI-H1648	COSS687799	COSO29915674	COSV50006113	COSM3190998	Heterozygous	17	42427889	42427889	C	G	COSU619		17:g.42427889C>G	Variant of unknown origin
UBL5P4	COSG20839	ENST00000562584.1	83060781	Mewo	COSS908128	COSO32666078	COSV50000092	COSM2142669	Heterozygous	16	12061473	12061473	G	A	COSU619		16:g.12061473G>A	Variant of unknown origin
AC007216.2	COSG26841	ENST00000597717.1	87003598	Mewo	COSS908128	COSO32666078	COSV50000092	COSM2142669	Heterozygous	16	12061473	12061473	G	A	COSU619		16:g.12061473G>A	Variant of unknown origin
GRN	COSG40537	ENST00000586443.1	86319703	RC-K8	COSS1330995	COSO27984799	COSV50007109	COSM3190997	Heterozygous	17	42427679	42427679	G	A	COSU619		17:g.42427679G>A	Variant of unknown origin
GRN	COSG40537	ENST00000592323.1	85634975	RC-K8	COSS1330995	COSO27984799	COSV50007109	COSM3190997	Heterozygous	17	42427679	42427679	G	A	COSU619		17:g.42427679G>A	Variant of unknown origin
GRN	COSG40537	ENST00000589536.1	86001037	RC-K8	COSS1330995	COSO27984799	COSV50007109	COSM3190997	Heterozygous	17	42427679	42427679	G	A	COSU619		17:g.42427679G>A	Variant of unknown origin
GRN	COSG40537	ENST00000587109.1	85831062	RC-K8	COSS1330995	COSO27984799	COSV50007109	COSM3190997	Heterozygous	17	42427679	42427679	G	A	COSU619		17:g.42427679G>A	Variant of unknown origin
GRN	COSG40537	ENST00000589923.1	86672501	RC-K8	COSS1330995	COSO27984799	COSV50007109	COSM3190997	Heterozygous	17	42427679	42427679	G	A	COSU619		17:g.42427679G>A	Variant of unknown origin
GRN	COSG40537	ENST00000587518.1	86391861	RC-K8	COSS1330995	COSO27984799	COSV50007109	COSM3190997	Heterozygous	17	42427679	42427679	G	A	COSU619		17:g.42427679G>A	Variant of unknown origin
GRN	COSG40537	ENST00000585512.1	84700437	RC-K8	COSS1330995	COSO27984799	COSV50007109	COSM3190997	Heterozygous	17	42427679	42427679	G	A	COSU619		17:g.42427679G>A	Variant of unknown origin
GRN	COSG40537	ENST00000586242.1	86014997	RC-K8	COSS1330995	COSO27984799	COSV50007109	COSM3190997	Heterozygous	17	42427679	42427679	G	A	COSU619		17:g.42427679G>A	Variant of unknown origin
GRN	COSG40537	ENST00000588170.1	85092367	RC-K8	COSS1330995	COSO27984799	COSV50007109	COSM3190997	Heterozygous	17	42427679	42427679	G	A	COSU619		17:g.42427679G>A	Variant of unknown origin
GRN	COSG40537	ENST00000587958.1	86939009	RC-K8	COSS1330995	COSO27984799	COSV50007109	COSM3190997	Heterozygous	17	42427679	42427679	G	A	COSU619		17:g.42427679G>A	Variant of unknown origin
FAM171A2	COSG16424	ENST00000293443.7	59791124	RC-K8	COSS1330995	COSO27984799	COSV50007109	COSM3190997	Heterozygous	17	42427679	42427679	G	A	COSU619		17:g.42427679G>A	Variant of unknown origin
GRN	COSG40537	ENST00000592783.1	87144265	RC-K8	COSS1330995	COSO27984799	COSV50007109	COSM3190997	Heterozygous	17	42427679	42427679	G	A	COSU619		17:g.42427679G>A	Variant of unknown origin
GRN	COSG40537	ENST00000585348.1	86401695	RC-K8	COSS1330995	COSO27984799	COSV50007109	COSM3190997	Heterozygous	17	42427679	42427679	G	A	COSU619		17:g.42427679G>A	Variant of unknown origin
GRN	COSG40537	ENST00000591740.1	86636840	RC-K8	COSS1330995	COSO27984799	COSV50007109	COSM3190997	Heterozygous	17	42427679	42427679	G	A	COSU619		17:g.42427679G>A	Variant of unknown origin
UBL5P4	COSG20839	ENST00000562584.1	83060906	DND-41	COSS1297446	COSO27984908	COSV50000239	COSN13651072	Heterozygous	16	12059152	12059152	C	T	COSU619		16:g.12059152C>T	Variant of unknown origin
TNFRSF17	COSG29144	ENST00000562385.1	82792721	DND-41	COSS1297446	COSO27984908	COSV50000239	COSN13651072	Heterozygous	16	12059152	12059152	C	T	COSU619		16:g.12059152C>T	Variant of unknown origin
AC007216.2	COSG26841	ENST00000597717.1	87003168	DND-41	COSS1297446	COSO27984908	COSV50000239	COSN13651072	Heterozygous	16	12059152	12059152	C	T	COSU619		16:g.12059152C>T	Variant of unknown origin
UBL5P4	COSG20839	ENST00000562584.1	83060762	JJN-3	COSS1327766	COSO27985184	COSV50000665	COSM2142662	Heterozygous	16	12059238	12059238	T	G	COSU619		16:g.12059238T>G	Variant of unknown origin
AC007216.2	COSG26841	ENST00000597717.1	87003196	JJN-3	COSS1327766	COSO27985184	COSV50000665	COSM2142662	Heterozygous	16	12059238	12059238	T	G	COSU619		16:g.12059238T>G	Variant of unknown origin
GUCA1A	COSG39450	ENST00000053469.4	59197205	PWR-1E	COSS1330993	COSO32054886	COSV50004489	COSM3079028	Heterozygous	6	42152572	42152572	C	T	COSU619		6:g.42152572C>T	Variant of unknown origin
GUCA1A	COSG39450	ENST00000394237.1	63612929	PWR-1E	COSS1330993	COSO32054886	COSV50004489	COSM3079028	Heterozygous	6	42152572	42152572	C	T	COSU619		6:g.42152572C>T	Variant of unknown origin
GUCA1A	COSG39450	ENST00000372958.1	62307435	PWR-1E	COSS1330993	COSO32054886	COSV50004489	COSM3079028	Heterozygous	6	42152572	42152572	C	T	COSU619		6:g.42152572C>T	Variant of unknown origin
GUCA1A	COSG39450	ENST00000418175.1	65192555	EB2	COSS906846	COSO27984797	COSV50004552	COSM3079022	Heterozygous	6	42146983	42146983	G	C	COSU619		6:g.42146983G>C	Variant of unknown origin
GUCA1A	COSG39450	ENST00000418175.1	65192800	MCC13	COSS1333003	COSO32666047	COSV50004579	COSN17175620	Heterozygous	6	42146217	42146217	G	A	COSU619		6:g.42146217G>A	Variant of unknown origin
GUCA1A	COSG39450	ENST00000418175.1	65192801	MCC13	COSS1333003	COSO32666047	COSV50004589	COSN17175621	Heterozygous	6	42146712	42146712	G	A	COSU619		6:g.42146712G>A	Variant of unknown origin
FAM171A2	COSG16424	ENST00000293443.7	59791092	OCI-M1	COSS1330985	COSO27984905	COSV50006394	COSN13725132	Heterozygous	17	42429995	42429995	C	T	COSU619		17:g.42429995C>T	Variant of unknown origin
GRN	COSG40537	ENST00000587387.1	86262994	OCI-M1	COSS1330985	COSO27984905	COSV50006394	COSN13725132	Heterozygous	17	42429995	42429995	C	T	COSU619		17:g.42429995C>T	Variant of unknown origin
GRN	COSG40537	ENST00000589536.1	86001253	OCI-M1	COSS1330985	COSO27984905	COSV50006394	COSN13725132	Heterozygous	17	42429995	42429995	C	T	COSU619		17:g.42429995C>T	Variant of unknown origin
GRN	COSG40537	ENST00000592323.1	85635136	OCI-M1	COSS1330985	COSO27984905	COSV50006394	COSN13725132	Heterozygous	17	42429995	42429995	C	T	COSU619		17:g.42429995C>T	Variant of unknown origin
FAM171A2	COSG16424	ENST00000589407.1	85686126	OCI-M1	COSS1330985	COSO27984905	COSV50006394	COSN13725132	Heterozygous	17	42429995	42429995	C	T	COSU619		17:g.42429995C>T	Variant of unknown origin
GRN	COSG40537	ENST00000587109.1	85830879	OCI-M1	COSS1330985	COSO27984905	COSV50006394	COSN13725132	Heterozygous	17	42429995	42429995	C	T	COSU619		17:g.42429995C>T	Variant of unknown origin
GRN	COSG40537	ENST00000589923.1	86672747	OCI-M1	COSS1330985	COSO27984905	COSV50006394	COSN13725132	Heterozygous	17	42429995	42429995	C	T	COSU619		17:g.42429995C>T	Variant of unknown origin
GRN	COSG40537	ENST00000592783.1	87144647	OCI-M1	COSS1330985	COSO27984905	COSV50006394	COSN13725132	Heterozygous	17	42429995	42429995	C	T	COSU619		17:g.42429995C>T	Variant of unknown origin
GRN	COSG40537	ENST00000588143.1	85062009	OCI-M1	COSS1330985	COSO27984905	COSV50006394	COSN13725132	Heterozygous	17	42429995	42429995	C	T	COSU619		17:g.42429995C>T	Variant of unknown origin
GRN	COSG40537	ENST00000586782.1	85137238	OCI-M1	COSS1330985	COSO27984905	COSV50006394	COSN13725132	Heterozygous	17	42429995	42429995	C	T	COSU619		17:g.42429995C>T	Variant of unknown origin
GRN	COSG40537	ENST00000588237.1	85203392	OCI-M1	COSS1330985	COSO27984905	COSV50006394	COSN13725132	Heterozygous	17	42429995	42429995	C	T	COSU619		17:g.42429995C>T	Variant of unknown origin
GRN	COSG40537	ENST00000593167.1	85800650	OCI-M1	COSS1330985	COSO27984905	COSV50006394	COSN13725132	Heterozygous	17	42429995	42429995	C	T	COSU619		17:g.42429995C>T	Variant of unknown origin
GRN	COSG40537	ENST00000585348.1	86401439	OCI-M1	COSS1330985	COSO27984905	COSV50006394	COSN13725132	Heterozygous	17	42429995	42429995	C	T	COSU619		17:g.42429995C>T	Variant of unknown origin
GRN	COSG40537	ENST00000591740.1	86637150	OCI-M1	COSS1330985	COSO27984905	COSV50006394	COSN13725132	Heterozygous	17	42429995	42429995	C	T	COSU619		17:g.42429995C>T	Variant of unknown origin
GRN	COSG40537	ENST00000585512.1	84700639	OCI-M1	COSS1330985	COSO27984905	COSV50006394	COSN13725132	Heterozygous	17	42429995	42429995	C	T	COSU619		17:g.42429995C>T	Variant of unknown origin
FAM171A2	COSG16424	ENST00000588067.1	84939521	OCI-M1	COSS1330985	COSO27984905	COSV50006394	COSN13725132	Heterozygous	17	42429995	42429995	C	T	COSU619		17:g.42429995C>T	Variant of unknown origin
GRN	COSG40537	ENST00000588170.1	85092490	OCI-M1	COSS1330985	COSO27984905	COSV50006394	COSN13725132	Heterozygous	17	42429995	42429995	C	T	COSU619		17:g.42429995C>T	Variant of unknown origin
GRN	COSG40537	ENST00000590984.1	86752024	OCI-M1	COSS1330985	COSO27984905	COSV50006394	COSN13725132	Heterozygous	17	42429995	42429995	C	T	COSU619		17:g.42429995C>T	Variant of unknown origin
GRN	COSG40537	ENST00000587958.1	86938774	OCI-M1	COSS1330985	COSO27984905	COSV50006394	COSN13725132	Heterozygous	17	42429995	42429995	C	T	COSU619		17:g.42429995C>T	Variant of unknown origin
GRN	COSG40537	ENST00000587518.1	86391756	OCI-M1	COSS1330985	COSO27984905	COSV50006394	COSN13725132	Heterozygous	17	42429995	42429995	C	T	COSU619		17:g.42429995C>T	Variant of unknown origin
FAM171A2	COSG16424	ENST00000293443.7	59790992	NCI-H630	COSS908482	COSO28664826	COSV50006406	COSM35434	Heterozygous	17	42428524	42428524	G	A	COSU619		17:g.42428524G>A	Variant of unknown origin
GRN	COSG40537	ENST00000587387.1	86262310	NCI-H630	COSS908482	COSO28664826	COSV50006406	COSM35434	Heterozygous	17	42428524	42428524	G	A	COSU619		17:g.42428524G>A	Variant of unknown origin
GRN	COSG40537	ENST00000589536.1	86000999	NCI-H630	COSS908482	COSO28664826	COSV50006406	COSM35434	Heterozygous	17	42428524	42428524	G	A	COSU619		17:g.42428524G>A	Variant of unknown origin
GRN	COSG40537	ENST00000587958.1	86938288	NCI-H630	COSS908482	COSO28664826	COSV50006406	COSM35434	Heterozygous	17	42428524	42428524	G	A	COSU619		17:g.42428524G>A	Variant of unknown origin
GRN	COSG40537	ENST00000587109.1	85830559	NCI-H630	COSS908482	COSO28664826	COSV50006406	COSM35434	Heterozygous	17	42428524	42428524	G	A	COSU619		17:g.42428524G>A	Variant of unknown origin
GRN	COSG40537	ENST00000592783.1	87144231	NCI-H630	COSS908482	COSO28664826	COSV50006406	COSM35434	Heterozygous	17	42428524	42428524	G	A	COSU619		17:g.42428524G>A	Variant of unknown origin
GRN	COSG40537	ENST00000588143.1	85061717	NCI-H630	COSS908482	COSO28664826	COSV50006406	COSM35434	Heterozygous	17	42428524	42428524	G	A	COSU619		17:g.42428524G>A	Variant of unknown origin
GRN	COSG40537	ENST00000593167.1	85800227	NCI-H630	COSS908482	COSO28664826	COSV50006406	COSM35434	Heterozygous	17	42428524	42428524	G	A	COSU619		17:g.42428524G>A	Variant of unknown origin
GRN	COSG40537	ENST00000587518.1	86391290	NCI-H630	COSS908482	COSO28664826	COSV50006406	COSM35434	Heterozygous	17	42428524	42428524	G	A	COSU619		17:g.42428524G>A	Variant of unknown origin
GRN	COSG40537	ENST00000591740.1	86636803	NCI-H630	COSS908482	COSO28664826	COSV50006406	COSM35434	Heterozygous	17	42428524	42428524	G	A	COSU619		17:g.42428524G>A	Variant of unknown origin
GRN	COSG40537	ENST00000585512.1	84700399	NCI-H630	COSS908482	COSO28664826	COSV50006406	COSM35434	Heterozygous	17	42428524	42428524	G	A	COSU619		17:g.42428524G>A	Variant of unknown origin
GRN	COSG40537	ENST00000588170.1	85092337	NCI-H630	COSS908482	COSO28664826	COSV50006406	COSM35434	Heterozygous	17	42428524	42428524	G	A	COSU619		17:g.42428524G>A	Variant of unknown origin
GRN	COSG40537	ENST00000586242.1	86014920	NCI-H630	COSS908482	COSO28664826	COSV50006406	COSM35434	Heterozygous	17	42428524	42428524	G	A	COSU619		17:g.42428524G>A	Variant of unknown origin
GRN	COSG40537	ENST00000588237.1	85202601	NCI-H630	COSS908482	COSO28664826	COSV50006406	COSM35434	Heterozygous	17	42428524	42428524	G	A	COSU619		17:g.42428524G>A	Variant of unknown origin
GRN	COSG40537	ENST00000592323.1	85634945	NCI-H630	COSS908482	COSO28664826	COSV50006406	COSM35434	Heterozygous	17	42428524	42428524	G	A	COSU619		17:g.42428524G>A	Variant of unknown origin
FAM171A2	COSG16424	ENST00000589407.1	85685822	NCI-H630	COSS908482	COSO28664826	COSV50006406	COSM35434	Heterozygous	17	42428524	42428524	G	A	COSU619		17:g.42428524G>A	Variant of unknown origin
FAM171A2	COSG16424	ENST00000293443.7	59792010	KYSE-220	COSS1240167	COSO31394862	COSV50006437	COSM3191009	Homozygous	17	42429429	42429429	C	T	COSU619		17:g.42429429C>T	Variant of unknown origin
GRN	COSG40537	ENST00000587387.1	86261964	KYSE-220	COSS1240167	COSO31394862	COSV50006437	COSM3191009	Homozygous	17	42429429	42429429	C	T	COSU619		17:g.42429429C>T	Variant of unknown origin
GRN	COSG40537	ENST00000587958.1	86937894	KYSE-220	COSS1240167	COSO31394862	COSV50006437	COSM3191009	Homozygous	17	42429429	42429429	C	T	COSU619		17:g.42429429C>T	Variant of unknown origin
GRN	COSG40537	ENST00000592323.1	85636304	KYSE-220	COSS1240167	COSO31394862	COSV50006437	COSM3191009	Homozygous	17	42429429	42429429	C	T	COSU619		17:g.42429429C>T	Variant of unknown origin
FAM171A2	COSG16424	ENST00000589407.1	85686794	KYSE-220	COSS1240167	COSO31394862	COSV50006437	COSM3191009	Homozygous	17	42429429	42429429	C	T	COSU619		17:g.42429429C>T	Variant of unknown origin
GRN	COSG40537	ENST00000587109.1	85830327	KYSE-220	COSS1240167	COSO31394862	COSV50006437	COSM3191009	Homozygous	17	42429429	42429429	C	T	COSU619		17:g.42429429C>T	Variant of unknown origin
GRN	COSG40537	ENST00000589923.1	86673494	KYSE-220	COSS1240167	COSO31394862	COSV50006437	COSM3191009	Homozygous	17	42429429	42429429	C	T	COSU619		17:g.42429429C>T	Variant of unknown origin
GRN	COSG40537	ENST00000592783.1	87145081	KYSE-220	COSS1240167	COSO31394862	COSV50006437	COSM3191009	Homozygous	17	42429429	42429429	C	T	COSU619		17:g.42429429C>T	Variant of unknown origin
GRN	COSG40537	ENST00000588143.1	85062163	KYSE-220	COSS1240167	COSO31394862	COSV50006437	COSM3191009	Homozygous	17	42429429	42429429	C	T	COSU619		17:g.42429429C>T	Variant of unknown origin
GRN	COSG40537	ENST00000588237.1	85203968	KYSE-220	COSS1240167	COSO31394862	COSV50006437	COSM3191009	Homozygous	17	42429429	42429429	C	T	COSU619		17:g.42429429C>T	Variant of unknown origin
GRN	COSG40537	ENST00000585348.1	86401090	KYSE-220	COSS1240167	COSO31394862	COSV50006437	COSM3191009	Homozygous	17	42429429	42429429	C	T	COSU619		17:g.42429429C>T	Variant of unknown origin
GRN	COSG40537	ENST00000587518.1	86391125	KYSE-220	COSS1240167	COSO31394862	COSV50006437	COSM3191009	Homozygous	17	42429429	42429429	C	T	COSU619		17:g.42429429C>T	Variant of unknown origin
GRN	COSG40537	ENST00000591740.1	86637828	KYSE-220	COSS1240167	COSO31394862	COSV50006437	COSM3191009	Homozygous	17	42429429	42429429	C	T	COSU619		17:g.42429429C>T	Variant of unknown origin
GRN	COSG40537	ENST00000585512.1	84701363	KYSE-220	COSS1240167	COSO31394862	COSV50006437	COSM3191009	Homozygous	17	42429429	42429429	C	T	COSU619		17:g.42429429C>T	Variant of unknown origin
GRN	COSG40537	ENST00000586242.1	86015887	KYSE-220	COSS1240167	COSO31394862	COSV50006437	COSM3191009	Homozygous	17	42429429	42429429	C	T	COSU619		17:g.42429429C>T	Variant of unknown origin
GRN	COSG40537	ENST00000589536.1	86001672	KYSE-220	COSS1240167	COSO31394862	COSV50006437	COSM3191009	Homozygous	17	42429429	42429429	C	T	COSU619		17:g.42429429C>T	Variant of unknown origin
GRN	COSG40537	ENST00000593167.1	85799712	KYSE-220	COSS1240167	COSO31394862	COSV50006437	COSM3191009	Homozygous	17	42429429	42429429	C	T	COSU619		17:g.42429429C>T	Variant of unknown origin
GRN	COSG40537	ENST00000588170.1	85092743	KYSE-220	COSS1240167	COSO31394862	COSV50006437	COSM3191009	Homozygous	17	42429429	42429429	C	T	COSU619		17:g.42429429C>T	Variant of unknown origin
GRN	COSG40537	ENST00000586782.1	85136655	KYSE-220	COSS1240167	COSO31394862	COSV50006437	COSM3191009	Homozygous	17	42429429	42429429	C	T	COSU619		17:g.42429429C>T	Variant of unknown origin
