GENE_SYMBOL	COSMIC_GENE_ID	TRANSCRIPT_ACCESSION	GENOMIC_MUTATION_ID	LEGACY_MUTATION_ID	MUTATION_ID	MUTATION_NC_ID	MUTATION_TYPE	IS_CANONICAL
SLC4A10	COSG44762	ENST00000493021.1	COSV55768329	COSN27458865	71206717		coding	n
ECE2	COSG24321	ENST00000430587.1	COSV100668702	COSM8301065	55765944		coding	n
ANKRD44	COSG31612	ENST00000328737.2	COSV99984209	COSM7455044	28990059		coding	n
PLCD4	COSG43053	ENST00000417849.1	COSV68842361	COSM7292427	52880986		coding	n
RP5-887A10.1	COSG29766	ENST00000418041.1	COSV68981186	COSN29730815	53312145		coding	n
RP11-479J7.1	COSG8294	ENST00000448643.1	COSV71618819	COSN8648062	59209453		coding	y
HNRNPL	COSG48822	ENST00000597731.1	COSV99670550	COSM7830371	100015193		coding	n
GRID2	COSG50794	ENST00000282020.4	COSV56265367	COSN26380010	21025637		coding	y
RP11-81H3.2	COSG55335	ENST00000549905.1	COSV72838489	COSN16456460	89250286		coding	n
AC002985.3	COSG12378	ENST00000593484.1	COSV53229966	COSM4972994	98587714		coding	n
SLC6A2	COSG42786	ENST00000567238.1	COSV54919811	COSM357967	94924803		coding	n
USP6	COSG24643	ENST00000304328.5	COSV51480636	COSM1384531	25184891		coding	n
SEMA4B	COSG43374	ENST00000559247.1	COSV60175888	COSM471232	93778744		coding	n
POT1	COSG24839	ENST00000357628.3	COSV62927968	COSM304691	31867780		coding	y
NFATC2	COSG50230	ENST00000396009.3	COSV65356997	COSN1875348	47715296		coding	y
RP11-435B5.4	COSG16852	ENST00000432361.1	COSV70514551	COSN19679478	55480296		coding	n
PBX1	COSG312	ENST00000560641.1	COSV63343801	COSM9766429	93948323		coding	n
DPP10	COSG25227	ENST00000409163.1	COSV59679452	COSN29902746	50771424		coding	n
MBD5	COSG38772	ENST00000473478.1	COSV69475698	COSN19505678	66831445		coding	n
ARMCX5	COSG31940	ENST00000541409.1	COSV105851597	COSM9959255	87064952		coding	n
BSCL2	COSG41351	ENST00000533982.1	COSV53654916	COSM1322292	83445977		coding	n
RELN	COSG36406	ENST00000424685.2	COSV59003987	COSM5406130	53551243		coding	n
RP11-158M2.3	COSG12118	ENST00000558375.1	COSV63448379	COSN26961391	91246129		coding	y
TRRAP	COSG18556	ENST00000446306.3	COSV62839126	COSM107495	61568292		coding	n
FAM214A	COSG28754	ENST00000561490.1	COSV55923683	COSM1373524	92548181		coding	n
ANGPTL2	COSG2534	ENST00000373425.3	COSV52226044	COSM3654398	39137239		coding	y
NPIPB1P	COSG20372	ENST00000547442.1	COSV73583318	COSN23595096	90693484		coding	y
RP11-40F8.2	COSG51567	ENST00000608254.1	COSV74181514	COSN27513349	101026719		coding	n
NAB1	COSG8143	ENST00000423376.1	COSV100493173	COSN30534281	53763108		coding	n
MYO3B	COSG27647	ENST00000408978.4	COSV58703944	COSM6351381	49335386		coding	y
CDK14	COSG1328	ENST00000436577.2	COSV56035979	COSN15547555	58132804		coding	n
PEX5	COSG33050	ENST00000266564.3	COSV56955491	COSN20750343	21076050		coding	n
AC010148.1	COSG56667	ENST00000427619.1	COSV69887431	COSN21294165	57173837		coding	n
SMOC1	COSG21717	ENST00000553839.1	COSV62759643	COSN14653446	91683528		coding	n
BRCA2	COSG42652	ENST00000530893.2	COSV104701236	COSN31980968	84484508		coding	n
ACSL6	COSG31944	ENST00000379264.2	COSV57300579	COSM158863	39692575		coding	y
PCDH15	COSG6100	ENST00000373957.3	COSV57405179	COSN23495048	41712948		coding	n
EGLN2	COSG51093	ENST00000594380.1	COSV58279279	COSN1768353	99780228		coding	n
PEG3	COSG19038	ENST00000594389.1	COSV106372893	COSN32542185	99787818		coding	n
NLRX1	COSG12789	ENST00000449394.1	COSV52703440	COSM923779	61335409		coding	n
RNF10	COSG16940	ENST00000413266.2	COSV58044809	COSM7273017	49856551		coding	n
COL11A2	COSG27122	ENST00000374712.1	COSV104638018	COSM9328686	41938629		coding	n
IFT74	COSG36149	ENST00000443698.1	COSV66286495	COSN1377223	60990952		coding	y
LY6E	COSG9388	ENST00000520466.1	COSV52870311	COSM3645981	80617352		coding	y
DGKE	COSG37858	ENST00000284061.3	COSV107313109	COSM10441614	22643009		coding	y
ARHGEF10L	COSG38577	ENST00000361221.3	COSV51440559	COSM4409836	34672300		coding	y
PHB	COSG14491	ENST00000300408.3	COSV55931820	COSM707012	25978609		coding	y
GABRB3	COSG10221	ENST00000541819.2	COSV54649732	COSM1158755	88726051		coding	n
CPEB1	COSG42283	ENST00000398591.2	COSV99918082	COSN30465208	48220402		coding	n
CFLAR	COSG24404	ENST00000423241.2	COSV57936396	COSN18726643	53393651		coding	n
KCNIP4	COSG10707	ENST00000447367.2	COSV108239282	COSN33276804	59741455		coding	n
FAR1	COSG19245	ENST00000532701.1	COSV105262084	COSM9900831	83706224		coding	n
TEX36	COSG12844	ENST00000368821.3	COSV100917709	COSM7673209	38457322		coding	y
RP11-142I20.1	COSG35420	ENST00000600183.1	COSV108279867	COSN33178234	100584000		coding	n
MACROD2	COSG40985	ENST00000310348.4	COSV54072248	COSN23549523	27569988		coding	n
MIIP	COSG2433	ENST00000235332.4	COSV52427008	COSN21091687	21951363		coding	y
OXA1L	COSG46207	ENST00000604262.1	COSV99591109	COSM7414967	100416276		coding	n
HDAC9	COSG23555	ENST00000461159.2	COSV67776083	COSM7370805	64558839		coding	n
LIG4	COSG385	ENST00000356922.4	COSV63597369	COSM4045834	32396758		coding	y
PCSK6	COSG23783	ENST00000358417.3	COSV100623852	COSM8905090	35004184		coding	n
TJAP1	COSG41486	ENST00000436109.2	COSV99447075	COSM8967952	56918335		coding	n
AGBL1	COSG28532	ENST00000441037.2	COSV101221798	COSM7530677	58121697		coding	y
PCDH11X	COSG8282	ENST00000373088.1	COSV53454579	COSM3974001	41362195		coding	n
CDH13	COSG51403	ENST00000268613.10	COSV51798248	COSN28684553	22473576		coding	y
CACNA1C	COSG17354	ENST00000399603.1	COSV105895324	COSM10029424	47951098		coding	n
HAUS5	COSG35337	ENST00000379045.2	COSV99178258	COSN30530373	44181438		coding	n
TSC2	COSG18300	ENST00000562474.1	COSV54767291	COSN31920789	94567607		coding	n
LRRK1	COSG44325	ENST00000284395.5	COSV99441833	COSM9008217	22862539		coding	n
DCP2	COSG42038	ENST00000502635.1	COSV66616126	COSN17961073	73950827		coding	n
ATP6AP2	COSG31997	ENST00000535777.1	COSV65798218	COSM4791921	86216158		coding	n
ACP2	COSG33782	ENST00000530453.1	COSV57042292	COSM4854558	82933524		coding	n
DIDO1	COSG20897	ENST00000370366.1	COSV99824355	COSM7805671	35743623		coding	n
ITGA9	COSG2068	ENST00000461533.1	COSV53243402	COSN16126257	65469128		coding	n
SHANK3	COSG9694	ENST00000414786.2	COSV106369212	COSN32391587	49909212		coding	n
ANKRD6	COSG21145	ENST00000369408.5	COSV60231849	COSN2182589	37065993		coding	n
THBS2	COSG34291	ENST00000366787.3	COSV64678712	COSM1076121	37332727		coding	y
HECW1	COSG4723	ENST00000395891.2	COSV67826113	COSN24374485	47099461		coding	y
CTNND2	COSG31692	ENST00000458100.2	COSV58898575	COSN5586404	65054646		coding	n
PPP4R2	COSG2786	ENST00000470976.1	COSV55593863	COSN22448725	63738685		coding	n
KCNJ16	COSG53264	ENST00000283936.1	COSV52257772	COSN22538939	22555518		coding	n
KIF27	COSG46697	ENST00000413982.1	COSV52832338	COSM3220304	52415424		coding	n
NFASC	COSG22973	ENST00000492085.1	COSV108863118	COSM10747300	72661501		coding	n
CSRP1	COSG22868	ENST00000533188.1	COSV108186129	COSN33222881	85183355		coding	n
RP11-420N3.2	COSG24503	ENST00000585867.1	COSV106644618	COSN32315058	97573253		coding	y
FOXP1	COSG46248	ENST00000318789.4	COSV59527613	COSN20707629	27077239		coding	n
PI4KA	COSG31499	ENST00000572273.1	COSV107307073	COSM10296572	96809913		coding	n
DISC1FP1	COSG39362	ENST00000563681.1	COSV73643809	COSN30024027	93972466		coding	n
TENM3	COSG36799	ENST00000512480.1	COSV72582006	COSN23149807	78860211		coding	n
CAPN3	COSG9882	ENST00000397200.4	COSV55522524	COSM4054715	47682548		coding	n
ALDH1A2	COSG18038	ENST00000537372.1	COSV51082486	COSN28388201	87396121		coding	n
P2RY14	COSG49918	ENST00000494668.1	COSV56399507	COSN6571982	71680690		coding	n
WDFY2	COSG4672	ENST00000460145.2	COSV53291117	COSM432483	63892309		coding	n
PCDHA11	COSG8087	ENST00000398640.2	COSV56489639	COSM4653896	48530588		coding	y
TRAPPC9	COSG51015	ENST00000522504.1	COSV66902128	COSN15925839	80704240		coding	n
RP11-557H15.4	COSG43375	ENST00000434593.1	COSV68053942	COSN19100545	56749190		coding	n
ADAMTSL1	COSG39652	ENST00000380559.3	COSV65876842	COSN24855461	44263243		coding	n
POLL	COSG32485	ENST00000370169.1	COSV107337135	COSM10503791	39935721		coding	n
DSC2	COSG56136	ENST00000280904.6	COSV99199843	COSM8351338	20162860		coding	y
LHFPL3	COSG42107	ENST00000535008.1	COSV67820215	COSN24631336	86691077		coding	y
