SAMPLE_NAME	COSMIC_SAMPLE_ID	COSMIC_PHENOTYPE_ID	COSMIC_STRUCTURAL_ID	MUTATION_TYPE	CHROM_FROM	LOCATION_FROM_MIN	LOCATION_FROM_MAX	STRAND_FROM	CHROM_TO	LOCATION_TO_MIN	LOCATION_TO_MAX	STRAND_TO	NON_TEMPLATED_INS_SEQ	PUBMED_PMID	COSMIC_STUDY_ID
DN11010	COSS2549215	COSO283912932	COST491094	intrachromosomal with inverted orientation	22	38465090	38465090	-	22	38470555	38470755	+			COSU668
DN15052	COSS2633588	COSO283912932	COST491524	intrachromosomal with non-inverted orientation	17	39620130	39620130	-	17	69800414	69800614	-			COSU668
AOCS-064-1-6	COSS2196334	COSO30135473	COST491533	intrachromosomal inversion	21	20288834	20288854	-	21	20293976	20293996	+			COSU585
AOCS-093-8-4	COSS2186164	COSO30135473	COST491535	intrachromosomal inversion	6	26022454	26022474	-	6	76620074	76620094	+			COSU585
ASHPC_0011_Pa_P	COSS2197229	COSO29005278	COST491562	intrachromosomal deletion	9	37048314	37048314	+	9	37089519	37089519	+			COSU382
ASHPC_0026_Pa_P	COSS2340486	COSO29005278	COST491581	intrachromosomal deletion	4	2015579	2015579	+	4	2504084	2504084	+			COSU382
DN11153	COSS2549245	COSO283912932	COST491165	intrachromosomal with non-inverted orientation	6	154554809	154554809	+	6	154554981	154555181	+			COSU668
DN111A9	COSS2549170	COSO283912932	COST491182	intrachromosomal with non-inverted orientation	17	26935582	26935582	-	17	27925319	27925519	-			COSU668
DN1200C	COSS2549266	COSO283912932	COST491239	intrachromosomal with inverted orientation	17	43665404	43665404	-	17	51034186	51034386	+			COSU668
DN12012	COSS2549176	COSO283912932	COST491257	intrachromosomal with non-inverted orientation	20	30072497	30072497	-	20	31734774	31734974	-			COSU668
PCSI_0638_Pa_P_526	COSS2549772	COSO29004862	COST466760	intrachromosomal inversion	8	97198361	97198361	-	8	80813000	80813000	-			COSU382
PCSI_0643_Pa_P_526	COSS2549775	COSO29004862	COST466769	intrachromosomal inversion	6	41606472	41606472	-	6	41606102	41606102	-			COSU382
PCSI_0653_Pa_P_526	COSS2549778	COSO29004862	COST466780	intrachromosomal inversion	1	223047931	223047931	-	1	223052675	223052675	-			COSU382
RAMP_0002_Ln_M_526	COSS2549749	COSO29004862	COST466790	intrachromosomal deletion	11	84850140	84850140	-	11	84857699	84857699	+			COSU382
RAMP_0002_Lv_M_526	COSS2549748	COSO29004862	COST466793	intrachromosomal tandem duplication	15	86123658	86123658	+	15	86453773	86453773	+			COSU382
RAMP_0002_Pa_P_526	COSS2549747	COSO29004862	COST466801	intrachromosomal tandem duplication	X	49857363	49857363	+	X	54969914	54969914	+			COSU382
DA12010	COSS2634943	COSO32054826	COST492206	intrachromosomal with inverted orientation	11	114762128	114762128	-	11	114790060	114790060	+			COSU675
DA12027	COSS2634944	COSO32054826	COST492220	intrachromosomal with inverted orientation	19	27734357	27734357	-	19	27739696	27739696	+			COSU675
DA1600C	COSS2635117	COSO29026529	COST492639	intrachromosomal with non-inverted orientation	7	66649627	66649627	-	7	72092441	72092441	-			COSU677
DA1600F	COSS2635118	COSO29026529	COST492658	intrachromosomal with non-inverted orientation	8	43097444	43097444	-	8	43100628	43100628	-			COSU677
DA16010	COSS2635119	COSO29026529	COST492660	intrachromosomal with inverted orientation	1	74629398	74629398	+	1	74731537	74731537	-			COSU677
DA1600F	COSS2635118	COSO29026529	COST492680	intrachromosomal with inverted orientation	8	90280211	90280211	+	8	90322237	90322237	-			COSU677
DA16010	COSS2635119	COSO29026529	COST492688	intrachromosomal with inverted orientation	18	23719424	23719424	-	18	24339340	24339340	+			COSU677
PD9576a	COSS1649048	COSO283912932	COST491036	intrachromosomal with inverted orientation	15	91095417	91095417	-	15	91115980	91115980	+			COSU652
PD9576a	COSS1649048	COSO283912932	COST491055	intrachromosomal with non-inverted orientation	3	150012366	150012370	+	3	150018524	150018528	+			COSU652
PCSI_0048_Pa_P_526	COSS2197258	COSO29005278	COST491607	intrachromosomal deletion	20	18657134	18657134	+	20	18657381	18657381	+			COSU382
DN15030	COSS2633585	COSO283912932	COST491435	intrachromosomal with inverted orientation	16	53892543	53892743	-	16	54969729	54969729	+			COSU668
DA13001	COSS2634952	COSO32054826	COST492424	intrachromosomal with inverted orientation	4	5485787	5485787	-	4	8906856	8906856	+			COSU675
PCSI_0111_Pa_P_526	COSS2339685	COSO29005278	COST491657	intrachromosomal deletion	3	144418864	144418864	+	3	144419262	144419262	+			COSU382
PCSI_0145_Pa_P_526	COSS2340771	COSO29005278	COST491677	intrachromosomal deletion	16	72596222	72596222	+	16	72656506	72656506	+			COSU382
PCSI_0145_Pa_P_526	COSS2340771	COSO29005278	COST491679	intrachromosomal deletion	19	53325043	53325043	+	19	53341685	53341685	+			COSU382
PCSI_0164_Pa_P_526	COSS2197243	COSO29005278	COST491698	intrachromosomal deletion	6	163073779	163073779	+	6	163075169	163075169	+			COSU382
PCSI_0218_Pa_P_526	COSS2197239	COSO29005278	COST491725	intrachromosomal deletion	4	6541723	6541723	+	4	6541818	6541818	+			COSU382
PCSI_0227_Pa_P_526	COSS2339914	COSO29005278	COST491729	intrachromosomal deletion	4	81699361	81699361	+	4	82616511	82616511	+			COSU382
PCSI_0261_Pa_P_526	COSS2340481	COSO29005278	COST491745	intrachromosomal deletion	8	131097983	131097983	+	8	131098063	131098063	+			COSU382
DA13001	COSS2634952	COSO32054826	COST492436	intrachromosomal with inverted orientation	8	64753202	64753202	-	8	68100685	68100885	+			COSU675
DA13002	COSS2634954	COSO32054826	COST492495	intrachromosomal with non-inverted orientation	10	127190417	127190417	-	10	127201005	127201205	-			COSU675
DA13003	COSS2634953	COSO32054826	COST492562	intrachromosomal with non-inverted orientation	16	74371363	74371563	-	16	75246609	75246609	-			COSU675
DA13003	COSS2634953	COSO32054826	COST492564	intrachromosomal with inverted orientation	19	41879570	41879570	+	19	59032081	59032281	-			COSU675
DA16011	COSS2635120	COSO29026529	COST492715	intrachromosomal with inverted orientation	1	185036664	185036664	-	1	185058540	185058540	+			COSU677
DA16012	COSS2635121	COSO29026529	COST492740	intrachromosomal with inverted orientation	2	135226917	135226917	-	2	135232911	135232911	+			COSU677
DA1202F	COSS2634947	COSO32054826	COST492314	intrachromosomal with inverted orientation	3	119232273	119232273	+	3	119233652	119233652	-			COSU675
DA12031	COSS2634951	COSO32054826	COST492321	intrachromosomal with inverted orientation	21	46411189	46411189	-	21	46411438	46411438	+			COSU675
DA12034	COSS2634948	COSO32054826	COST492328	Interchromosomal unknown type	2	13458476	13458476	+	18	37667178	37667178	+			COSU675
DA12034	COSS2634948	COSO32054826	COST492334	intrachromosomal with inverted orientation	3	122330843	122330843	-	3	122526736	122526736	+			COSU675
PCSI_0547_Pa_P_526	COSS2385503	COSO29005278	COST491947	intrachromosomal deletion	12	20637983	20637983	+	12	20638105	20638105	+			COSU382
ICGC_PA102	COSS2386368	COSO28245255	COST491958	intrachromosomal with non-inverted orientation	7	143056463	143056463	-	7	140489651	140489651	-			COSU379
ICGC_PA11	COSS2121340	COSO28245255	COST491959	intrachromosomal with non-inverted orientation	7	138542535	138542535	-	7	140491860	140491860	-			COSU379
DA12002	COSS2634931	COSO32054826	COST491990	intrachromosomal with non-inverted orientation	3	8337270	8337270	+	3	196708621	196708621	+			COSU675
DA12004	COSS2634933	COSO32054826	COST492036	intrachromosomal with non-inverted orientation	2	106880644	106880644	+	2	110447078	110447278	+			COSU675
DA12005	COSS2634934	COSO32054826	COST492051	Interchromosomal unknown type	4	2576399	2576399	-	12	112821791	112821791	+			COSU675
DA12006	COSS2634935	COSO32054826	COST492069	intrachromosomal with non-inverted orientation	4	171080515	171080515	+	4	181201347	181201347	+			COSU675
AOCS-091-1-3	COSS2196208	COSO30135473	COST493707	intrachromosomal inversion	5	169200838	169200858	-	5	173419935	173419955	+			COSU585
PCSI_0048_Pa_P_526	COSS2197258	COSO29005278	COST493779	intrachromosomal deletion	17	62834795	62834795	+	17	62845176	62845176	+			COSU382
DA12006	COSS2634935	COSO32054826	COST492090	intrachromosomal with inverted orientation	2	168895821	168895821	+	2	168896103	168896303	-			COSU675
DA12006	COSS2634935	COSO32054826	COST492101	intrachromosomal with inverted orientation	8	144723616	144723616	+	8	144723951	144724151	-			COSU675
DA12009	COSS2634938	COSO32054826	COST492148	intrachromosomal with inverted orientation	6	94566009	94566209	+	6	127779143	127779143	-			COSU675
DA1200A	COSS2634939	COSO32054826	COST492155	Interchromosomal unknown type	11	35429915	35429915	-	14	95570351	95570351	+			COSU675
DN110DB	COSS2549178	COSO283912932	COST493301	intrachromosomal with non-inverted orientation	1	45453752	45453752	+	1	79128084	79128284	+			COSU668
DN110DB	COSS2549178	COSO283912932	COST493302	intrachromosomal with non-inverted orientation	10	43950359	43950359	+	10	45439358	45439558	+			COSU668
PCSI_0305_Pa_P_526	COSS2197262	COSO29005278	COST491799	intrachromosomal deletion	6	92989035	92989035	+	6	93359387	93359387	+			COSU382
PCSI_0341_Pa_P_526	COSS2340903	COSO29005278	COST491833	intrachromosomal inversion	5	141113349	141113349	-	5	141669356	141669356	-			COSU382
PCSI_0355_Pa_P_526	COSS2507098	COSO29004862	COST491838	intrachromosomal deletion	12	56958468	56958468	+	12	56960140	56960140	+			COSU382
PCSI_0356_Pa_P_526	COSS2197235	COSO29005278	COST491839	intrachromosomal deletion	11	6694011	6694011	+	11	34729616	34729616	+			COSU382
PCSI_0466_Pa_P_526	COSS2339687	COSO29005278	COST491843	intrachromosomal deletion	2	149343674	149343674	+	2	149343755	149343755	+			COSU382
PCSI_0468_Pa_P_526	COSS2339684	COSO29005278	COST491847	Interchromosomal unknown type	15	22373975	22373975	+	17	42037619	42037619	+			COSU382
PCSI_0472_Pa_P_526	COSS2385497	COSO29005278	COST491857	intrachromosomal deletion	13	89592102	89592102	+	13	89592516	89592516	+			COSU382
PCSI_0476_Pa_P_526	COSS2385500	COSO29005278	COST491882	intrachromosomal deletion	17	52558082	52558082	+	17	52558130	52558130	+			COSU382
PCSI_0477_Pa_P_526	COSS2385501	COSO29005278	COST491916	intrachromosomal deletion	20	53739620	53739620	+	20	53739825	53739825	+			COSU382
DN120A6	COSS2549272	COSO283912932	COST493460	intrachromosomal with non-inverted orientation	7	66467347	66467347	+	7	72293256	72293456	+			COSU668
DN120F1	COSS2549294	COSO283912932	COST493470	intrachromosomal with non-inverted orientation	11	69372969	69372969	-	11	69379439	69379639	-			COSU668
DN14012	COSS2549285	COSO283912932	COST493520	intrachromosomal with inverted orientation	10	36395749	36395749	-	10	38353809	38354009	+			COSU668
DN1401C	COSS2549324	COSO283912932	COST493524	Interchromosomal unknown type	8	109522728	109522728	+	11	69455109	69455309	+			COSU668
DA16012	COSS2635121	COSO29026529	COST492763	intrachromosomal with inverted orientation	4	46511669	46511669	-	4	46515952	46515952	+			COSU677
DA16012	COSS2635121	COSO29026529	COST492770	intrachromosomal with inverted orientation	5	153757529	153757529	-	5	153762099	153762099	+			COSU677
DA16012	COSS2635121	COSO29026529	COST492816	intrachromosomal with inverted orientation	12	66764998	66764998	-	12	66766821	66766821	+			COSU677
DA16012	COSS2635121	COSO29026529	COST492832	intrachromosomal with inverted orientation	20	24249266	24249266	-	20	24253091	24253091	+			COSU677
DA16017	COSS2635124	COSO29026529	COST492876	intrachromosomal with inverted orientation	1	201329380	201329380	-	1	201330535	201330535	+			COSU677
DA16015	COSS2635122	COSO29026529	COST492880	intrachromosomal with inverted orientation	4	190197917	190197917	-	4	190198802	190199002	+			COSU677
DA16015	COSS2635122	COSO29026529	COST492886	intrachromosomal with inverted orientation	11	10984371	10984371	+	11	10993655	10993655	-			COSU677
DA16017	COSS2635124	COSO29026529	COST492896	intrachromosomal with inverted orientation	8	141840790	141840790	+	8	141997494	141997494	-			COSU677
DN15007	COSS2633582	COSO283912932	COST493566	Interchromosomal unknown type	17	77893021	77893021	-	21	41146132	41146132	+			COSU668
DN1502E	COSS2633581	COSO283912932	COST493612	intrachromosomal with non-inverted orientation	17	59857797	59857797	-	17	64407574	64407574	-			COSU668
DA16011	COSS2635120	COSO29026529	COST492747	intrachromosomal with inverted orientation	2	40730890	40730890	-	2	47686815	47687015	+			COSU677
DA16012	COSS2635121	COSO29026529	COST492754	intrachromosomal with inverted orientation	3	130777934	130777934	-	3	130779900	130779900	+			COSU677
DN1123A	COSS2549252	COSO283912932	COST493365	intrachromosomal with non-inverted orientation	17	22253378	22253378	+	17	49474414	49474414	+			COSU668
DN1123A	COSS2549252	COSO283912932	COST493380	intrachromosomal with inverted orientation	14	75026006	75026006	+	14	75026785	75026785	-			COSU668
DN1123A	COSS2549252	COSO283912932	COST493384	intrachromosomal with inverted orientation	4	137667123	137667123	+	4	137667763	137667763	-			COSU668
DN1200C	COSS2549266	COSO283912932	COST493395	intrachromosomal with inverted orientation	1	108200863	108201063	-	1	108342549	108342549	+			COSU668
DN1200C	COSS2549266	COSO283912932	COST493407	intrachromosomal with inverted orientation	17	53493894	53493894	-	17	67365363	67365563	+			COSU668
DN12012	COSS2549176	COSO283912932	COST493428	intrachromosomal with non-inverted orientation	19	20178819	20178819	+	19	33509291	33509491	+			COSU668
DN12015	COSS2549186	COSO283912932	COST493433	intrachromosomal with inverted orientation	17	28141110	28141110	+	17	38231265	38231465	-			COSU668
DA12001	COSS2634930	COSO32054826	COST493114	intrachromosomal with non-inverted orientation	13	19959497	19959497	-	13	25018435	25018435	-			COSU675
DA13001	COSS2634952	COSO32054826	COST493139	intrachromosomal with inverted orientation	2	129054483	129054483	-	2	131713696	131713696	+			COSU675
DA16012	COSS2635121	COSO29026529	COST493166	intrachromosomal with inverted orientation	4	184022047	184022047	-	4	184028281	184028281	+			COSU677
PD6405a	COSS1491570	COSO283912932	COST493184	intrachromosomal with non-inverted orientation	17	1288099	1288119	-	17	1305199	1305219	-			COSU652
RK047_C01	COSS1918837	COSO29824862	COST462019	intrachromosomal deletion	7	113952804	113952804	+	7	113960837	113960837	-			COSU322
RK070_C01	COSS2194732	COSO29824862	COST462074	intrachromosomal tandem duplication	1	205014101	205014101	-	1	205285047	205285047	+			COSU322
RK070_C01	COSS2194732	COSO29824862	COST462089	Interchromosomal unknown type	4	39626278	39626278	+	8	130234563	130234563	-			COSU322
