SAMPLE_NAME	COSMIC_SAMPLE_ID	COSMIC_PHENOTYPE_ID	COSMIC_STRUCTURAL_ID	MUTATION_TYPE	DESCRIPTION	PUBMED_PMID	COSMIC_STUDY_ID	ID_STRUC_GEN	CHROMOSOME_FROM	CHROMOSOME_TO	LOCATION_FROM_MIN	LOCATION_FROM_MAX	LOCATION_TO_MIN	LOCATION_TO_MAX	STRAND_FROM	STRAND_TO
8034061	COSS2121102	COSO29005278	COST121515	intrachromosomal inversion	chr3:g.(90213643_90213663)_(90218754_90218774)inv		COSU328	31427	3	3	90213643	90213663	90218754	90218774	+	-
8034061	COSS2121102	COSO29005278	COST121523	intrachromosomal deletion	chr3:g.(145499397_145499417)_(145519360_145519380)del		COSU328	31435	3	3	145499397	145499417	145519360	145519380	+	+
8034061	COSS2121102	COSO29005278	COST121524	intrachromosomal deletion	chrX:g.(55145434_55145454)_(55146135_55146155)del		COSU328	31436	23	23	55145434	55145454	55146135	55146155	+	+
8034061	COSS2121102	COSO29005278	COST121538	intrachromosomal deletion	chr3:g.(5920693_5920713)_(5921421_5921441)del		COSU328	31792	3	3	5920693	5920713	5921421	5921441	+	+
8034061	COSS2121102	COSO29005278	COST121539	intrachromosomal deletion	chrX:g.(74910716_74910736)_(74936157_74936177)del		COSU328	31793	23	23	74910716	74910736	74936157	74936177	+	+
8034061	COSS2121102	COSO29005278	COST121552	intrachromosomal deletion	chrX:g.(97317297_97317317)_(97317767_97317787)del		COSU328	31806	23	23	97317297	97317317	97317767	97317787	+	+
8034061	COSS2121102	COSO29005278	COST121553	intrachromosomal deletion	chrX:g.(119704377_119704397)_(119707135_119707155)del		COSU328	31807	23	23	119704377	119704397	119707135	119707155	+	+
8034061	COSS2121102	COSO29005278	COST121554	Interchromosomal unknown type	chr10:g.(26384037_26384057)_chr17:o(59038204_59038224)bkpt		COSU328	31808	10	17	26384037	26384057	59038204	59038224	+	-
8034061	COSS2121102	COSO29005278	COST121563	intrachromosomal deletion	chr4:g.(35146168_35146188)_(35149513_35149533)del		COSU328	30793	4	4	35146168	35146188	35149513	35149533	+	+
8034061	COSS2121102	COSO29005278	COST121564	intrachromosomal deletion	chr4:g.(94354413_94354433)_(94370529_94370549)del		COSU328	30794	4	4	94354413	94354433	94370529	94370549	+	+
8034061	COSS2121102	COSO29005278	COST123798	intrachromosomal deletion	chr5:g.(162690728_162690748)_(162691970_162691990)del		COSU328	34236	5	5	162690728	162690748	162691970	162691990	+	+
8034061	COSS2121102	COSO29005278	COST123807	intrachromosomal deletion	chr5:g.(139291233_139291253)_(139291353_139291373)del		COSU328	34245	5	5	139291233	139291253	139291353	139291373	+	+
8034061	COSS2121102	COSO29005278	COST123816	intrachromosomal deletion	chr5:g.(84363395_84363415)_(84365161_84365181)del		COSU328	34254	5	5	84363395	84363415	84365161	84365181	+	+
8034061	COSS2121102	COSO29005278	COST123827	intrachromosomal deletion	chr5:g.(111912187_111912207)_(111913119_111913139)del		COSU328	34358	5	5	111912187	111912207	111913119	111913139	+	+
8034061	COSS2121102	COSO29005278	COST123836	intrachromosomal deletion	chr5:g.(8329572_8329592)_(8329690_8329710)del		COSU328	34367	5	5	8329572	8329592	8329690	8329710	+	+
8034061	COSS2121102	COSO29005278	COST123848	intrachromosomal deletion	chr6:g.(107877142_107877162)_(107877652_107877672)del		COSU328	34379	6	6	107877142	107877162	107877652	107877672	+	+
8034061	COSS2121102	COSO29005278	COST123863	intrachromosomal deletion	chr7:g.(21580517_21580537)_(21603803_21603823)del		COSU328	34487	7	7	21580517	21580537	21603803	21603823	+	+
8034061	COSS2121102	COSO29005278	COST123890	Interchromosomal unknown type	chr12:g.(34017328_34017348)_chr13:o(48856820_48856840)bkpt		COSU328	34607	12	13	34017328	34017348	48856820	48856840	+	-
8034061	COSS2121102	COSO29005278	COST123891	intrachromosomal deletion	chr9:g.(7347716_7347736)_(7347788_7347808)del		COSU328	34608	9	9	7347716	7347736	7347788	7347808	+	+
8034061	COSS2121102	COSO29005278	COST123899	intrachromosomal deletion	chr20:g.(11792188_11792208)_(11804192_11804212)del		COSU328	34616	20	20	11792188	11792208	11804192	11804212	+	+
8034061	COSS2121102	COSO29005278	COST123900	intrachromosomal deletion	chr15:g.(92968565_92968585)_(92968718_92968738)del		COSU328	34617	15	15	92968565	92968585	92968718	92968738	+	+
8034061	COSS2121102	COSO29005278	COST123901	intrachromosomal deletion	chr15:g.(93895815_93895835)_(93896384_93896404)del		COSU328	34618	15	15	93895815	93895835	93896384	93896404	+	+
8034061	COSS2121102	COSO29005278	COST123902	Interchromosomal unknown type	chr6:g.o(20302492_20302692)_chr10:(97152452_97152652)bkpt		COSU328	34619	6	10	20302492	20302692	97152452	97152652	-	+
8034061	COSS2121102	COSO29005278	COST123910	intrachromosomal deletion	chr15:g.(71050150_71050170)_(71050221_71050241)del		COSU328	34627	15	15	71050150	71050170	71050221	71050241	+	+
8034061	COSS2121102	COSO29005278	COST123911	Interchromosomal unknown type	chr7:g.(77759752_77759772)_chr10:o(104838924_104838944)bkpt		COSU328	34628	7	10	77759752	77759772	104838924	104838944	+	-
8034061	COSS2121102	COSO29005278	COST123917	intrachromosomal inversion	chr21:g.(18151880_18151900)_(18177199_18177219)inv		COSU328	34727	21	21	18151880	18151900	18177199	18177219	-	+
8034061	COSS2121102	COSO29005278	COST123918	intrachromosomal deletion	chr14:g.(29329452_29329472)_(29329502_29329522)del		COSU328	34728	14	14	29329452	29329472	29329502	29329522	+	+
8034061	COSS2121102	COSO29005278	COST123934	intrachromosomal deletion	chr10:g.(65771387_65771407)_(65773160_65773180)del		COSU328	34744	10	10	65771387	65771407	65773160	65773180	+	+
8034061	COSS2121102	COSO29005278	COST123939	intrachromosomal deletion	chr10:g.(79270813_79270833)_(106562318_106562338)del		COSU328	34749	10	10	79270813	79270833	106562318	106562338	+	+
8034061	COSS2121102	COSO29005278	COST123940	intrachromosomal deletion	chr16:g.(35201515_35201535)_(35204221_35204241)del		COSU328	34750	16	16	35201515	35201535	35204221	35204241	+	+
8034061	COSS2121102	COSO29005278	COST123953	intrachromosomal deletion	chr1:g.(187633411_187633431)_(187651323_187651343)del		COSU328	34856	1	1	187633411	187633431	187651323	187651343	+	+
8034061	COSS2121102	COSO29005278	COST123954	intrachromosomal deletion	chr10:g.(56001856_56001876)_(56001926_56001946)del		COSU328	34857	10	10	56001856	56001876	56001926	56001946	+	+
8034061	COSS2121102	COSO29005278	COST123964	intrachromosomal deletion	chr11:g.(25489450_25489470)_(25490374_25490394)del		COSU328	34867	11	11	25489450	25489470	25490374	25490394	+	+
8034061	COSS2121102	COSO29005278	COST123965	intrachromosomal deletion	chr16:g.(544327_544347)_(558038_558058)del		COSU328	34868	16	16	544327	544347	558038	558058	+	+
8034061	COSS2121102	COSO29005278	COST123976	intrachromosomal deletion	chr16:g.(59864631_59864651)_(59879063_59879083)del		COSU328	34879	16	16	59864631	59864651	59879063	59879083	+	+
8034061	COSS2121102	COSO29005278	COST123977	intrachromosomal deletion	chr16:g.(61956538_61956558)_(61956639_61956659)del		COSU328	34880	16	16	61956538	61956558	61956639	61956659	+	+
8034061	COSS2121102	COSO29005278	COST123985	intrachromosomal deletion	chr2:g.(99424600_99424620)_(99429575_99429595)del		COSU328	34981	2	2	99424600	99424620	99429575	99429595	+	+
8034061	COSS2121102	COSO29005278	COST123986	intrachromosomal deletion	chr2:g.(102267743_102267763)_(102275781_102275801)del		COSU328	34982	2	2	102267743	102267763	102275781	102275801	+	+
8034061	COSS2121102	COSO29005278	COST123998	intrachromosomal deletion	chr18:g.(60902164_60902184)_(60902840_60902860)del		COSU328	34994	18	18	60902164	60902184	60902840	60902860	+	+
8034061	COSS2121102	COSO29005278	COST124007	intrachromosomal inversion	chr3:g.(179202936_179203136)_(179212397_179212597)inv		COSU328	35003	3	3	179202936	179203136	179212397	179212597	+	-
8034061	COSS2121102	COSO29005278	COST124008	intrachromosomal deletion	chrX:g.(6898070_6898090)_(6898648_6898668)del		COSU328	35004	23	23	6898070	6898090	6898648	6898668	+	+
8034061	COSS2121102	COSO29005278	COST124009	intrachromosomal tandem duplication	chr18:g.(39518430_39518450)_(39492029_39492049)dup		COSU328	35005	18	18	39518430	39518450	39492029	39492049	+	+
8034291	COSS1842526	COSO29005278	COST122026	intrachromosomal deletion	chr18:g.(60563123_60563143)_(64205701_64205721)del		COSU328	33024	18	18	60563123	60563143	64205701	64205721	+	+
8034291	COSS1842526	COSO29005278	COST122027	intrachromosomal deletion	chr17:g.(11618830_11618850)_(11861845_11861865)del		COSU328	33025	17	17	11618830	11618850	11861845	11861865	+	+
8034291	COSS1842526	COSO29005278	COST122036	intrachromosomal inversion	chr14:g.(22341604_22341624)_(22343520_22343540)inv		COSU328	33034	14	14	22341604	22341624	22343520	22343540	-	+
8034291	COSS1842526	COSO29005278	COST122037	intrachromosomal inversion	chr17:g.(44098512_44098532)_(46203687_46203707)inv		COSU328	33035	17	17	44098512	44098532	46203687	46203707	-	+
8034291	COSS1842526	COSO29005278	COST122041	intrachromosomal inversion	chr18:g.(44998230_44998250)_(59052311_59052331)inv		COSU328	33039	18	18	44998230	44998250	59052311	59052331	+	-
8034291	COSS1842526	COSO29005278	COST122042	intrachromosomal inversion	chr14:g.(21516133_21516153)_(21534735_21534755)inv		COSU328	33040	14	14	21516133	21516153	21534735	21534755	-	+
8034291	COSS1842526	COSO29005278	COST122043	intrachromosomal inversion	chr17:g.(41938421_41938441)_(45558674_45558694)inv		COSU328	33041	17	17	41938421	41938441	45558674	45558694	-	+
8034291	COSS1842526	COSO29005278	COST122047	intrachromosomal inversion	chr17:g.(41525312_41525332)_(45920118_45920138)inv		COSU328	33045	17	17	41525312	41525332	45920118	45920138	-	+
8034291	COSS1842526	COSO29005278	COST122051	Interchromosomal unknown type	chr17:g.o(73658690_73658710)_chr20:(62404618_62404638)bkpt		COSU328	33049	17	20	73658690	73658710	62404618	62404638	-	+
8034291	COSS1842526	COSO29005278	COST122052	intrachromosomal tandem duplication	chr17:g.(62053151_62053171)_(61288706_61288726)dup		COSU328	33050	17	17	62053151	62053171	61288706	61288726	+	+
8034291	COSS1842526	COSO29005278	COST122061	Interchromosomal unknown type	chr17:g.o(27279372_27279392)_chr20:(35804280_35804300)bkpt		COSU328	33153	17	20	27279372	27279392	35804280	35804300	-	+
8034291	COSS1842526	COSO29005278	COST122062	Interchromosomal unknown type	chr17:g.o(17456413_17456433)_chr20:(62914043_62914063)bkpt		COSU328	33154	17	20	17456413	17456433	62914043	62914063	-	+
8034291	COSS1842526	COSO29005278	COST122063	intrachromosomal inversion	chr17:g.(38224031_38224051)_(39827518_39827538)inv		COSU328	33155	17	17	38224031	38224051	39827518	39827538	-	+
8034291	COSS1842526	COSO29005278	COST122069	Interchromosomal unknown type	chr20:g.(47804832_47804852)_chr17:(48667526_48667546)bkpt		COSU328	33161	20	17	47804832	47804852	48667526	48667546	+	+
8034291	COSS1842526	COSO29005278	COST122070	Interchromosomal unknown type	chr17:g.(74708321_74708341)_chr20:(33536804_33536824)bkpt		COSU328	33162	17	20	74708321	74708341	33536804	33536824	+	+
8034291	COSS1842526	COSO29005278	COST122071	intrachromosomal tandem duplication	chr18:g.(58075516_58075536)_(50553761_50553781)dup		COSU328	33163	18	18	58075516	58075536	50553761	50553781	+	+
8034291	COSS1842526	COSO29005278	COST122072	intrachromosomal inversion	chr18:g.(8987293_8987313)_(28678641_28678661)inv		COSU328	33164	18	18	8987293	8987313	28678641	28678661	+	-
8034291	COSS1842526	COSO29005278	COST122073	intrachromosomal tandem duplication	chr17:g.(61668464_61668484)_(43177476_43177496)dup		COSU328	33165	17	17	61668464	61668484	43177476	43177496	+	+
8034291	COSS1842526	COSO29005278	COST122084	intrachromosomal tandem duplication	chr18:g.(50841035_50841055)_(25126230_25126250)dup		COSU328	33269	18	18	50841035	50841055	25126230	25126250	+	+
8034291	COSS1842526	COSO29005278	COST122089	intrachromosomal tandem duplication	chr18:g.(50114388_50114408)_(1942933_1942953)dup		COSU328	33274	18	18	50114388	50114408	1942933	1942953	+	+
8034291	COSS1842526	COSO29005278	COST122090	intrachromosomal tandem duplication	chr17:g.(46962708_46962728)_(43390977_43390997)dup		COSU328	33275	17	17	46962708	46962728	43390977	43390997	+	+
8034291	COSS1842526	COSO29005278	COST122099	Interchromosomal unknown type	chr20:g.(43085254_43085274)_chr17:(38556370_38556390)bkpt		COSU328	33284	20	17	43085254	43085274	38556370	38556390	+	+
8034291	COSS1842526	COSO29005278	COST122130	intrachromosomal deletion	chr20:g.(51716688_51716708)_(52791474_52791494)del		COSU328	33408	20	20	51716688	51716708	52791474	52791494	+	+
8034291	COSS1842526	COSO29005278	COST122131	intrachromosomal inversion	chr11:g.(27654022_27654042)_(27656807_27656827)inv		COSU328	33409	11	11	27654022	27654042	27656807	27656827	+	-
8034291	COSS1842526	COSO29005278	COST122132	intrachromosomal deletion	chr12:g.(53142833_53142853)_(53384317_53384337)del		COSU328	33410	12	12	53142833	53142853	53384317	53384337	+	+
8034291	COSS1842526	COSO29005278	COST122133	intrachromosomal inversion	chr12:g.(69718081_69718101)_(69718969_69718989)inv		COSU328	33411	12	12	69718081	69718101	69718969	69718989	-	+
8034291	COSS1842526	COSO29005278	COST122134	intrachromosomal tandem duplication	chr11:g.(27656010_27656210)_(27650554_27650754)dup		COSU328	33412	11	11	27656010	27656210	27650554	27650754	+	+
8034291	COSS1842526	COSO29005278	COST122135	intrachromosomal deletion	chr20:g.(34518535_34518555)_(43622578_43622598)del		COSU328	33413	20	20	34518535	34518555	43622578	43622598	+	+
8034291	COSS1842526	COSO29005278	COST122136	intrachromosomal inversion	chr11:g.(83143809_83143829)_(83143866_83143886)inv		COSU328	33414	11	11	83143809	83143829	83143866	83143886	-	+
8034291	COSS1842526	COSO29005278	COST122137	intrachromosomal inversion	chr20:g.(42020469_42020489)_(48474594_48474614)inv		COSU328	33415	20	20	42020469	42020489	48474594	48474614	-	+
8034291	COSS1842526	COSO29005278	COST122138	intrachromosomal inversion	chr20:g.(57285513_57285533)_(59657296_59657316)inv		COSU328	33416	20	20	57285513	57285533	59657296	59657316	-	+
8034291	COSS1842526	COSO29005278	COST122139	intrachromosomal deletion	chr20:g.(33361158_33361178)_(33512160_33512180)del		COSU328	33417	20	20	33361158	33361178	33512160	33512180	+	+
8034291	COSS1842526	COSO29005278	COST122141	intrachromosomal tandem duplication	chr20:g.(62622845_62622865)_(62122085_62122105)dup		COSU328	33419	20	20	62622845	62622865	62122085	62122105	+	+
8034291	COSS1842526	COSO29005278	COST122142	intrachromosomal tandem duplication	chr20:g.(56533676_56533696)_(56361603_56361623)dup		COSU328	33420	20	20	56533676	56533696	56361603	56361623	+	+
8034291	COSS1842526	COSO29005278	COST122144	intrachromosomal deletion	chr13:g.(68778961_68778981)_(68795879_68795899)del		COSU328	33422	13	13	68778961	68778981	68795879	68795899	+	+
8034291	COSS1842526	COSO29005278	COST122145	intrachromosomal deletion	chr12:g.(81596525_81596545)_(81678351_81678371)del		COSU328	33423	12	12	81596525	81596545	81678351	81678371	+	+
8034291	COSS1842526	COSO29005278	COST122146	intrachromosomal inversion	chr11:g.(70303363_70303383)_(70307254_70307274)inv		COSU328	33424	11	11	70303363	70303383	70307254	70307274	-	+
8034291	COSS1842526	COSO29005278	COST122147	intrachromosomal inversion	chr12:g.(70284839_70284859)_(70287025_70287045)inv		COSU328	33518	12	12	70284839	70284859	70287025	70287045	+	-
8034291	COSS1842526	COSO29005278	COST122148	intrachromosomal inversion	chr12:g.(66321157_66321177)_(66341966_66341986)inv		COSU328	33519	12	12	66321157	66321177	66341966	66341986	+	-
8034291	COSS1842526	COSO29005278	COST122149	intrachromosomal inversion	chr12:g.(62024973_62024993)_(62026446_62026466)inv		COSU328	33520	12	12	62024973	62024993	62026446	62026466	+	-
8034291	COSS1842526	COSO29005278	COST122150	intrachromosomal tandem duplication	chr20:g.(42973226_42973246)_(38006728_38006748)dup		COSU328	33521	20	20	42973226	42973246	38006728	38006748	+	+
8035555	COSS1842537	COSO29005278	COST119784	intrachromosomal deletion	chr6:g.(63551224_63551244)_(63551288_63551308)del		COSU328	29106	6	6	63551224	63551244	63551288	63551308	+	+
8035555	COSS1842537	COSO29005278	COST122162	intrachromosomal tandem duplication	chr14:g.(35228620_35228640)_(35133219_35133239)dup		COSU328	33533	14	14	35228620	35228640	35133219	35133239	+	+
8035555	COSS1842537	COSO29005278	COST122164	intrachromosomal tandem duplication	chr11:g.(75006097_75006117)_(74732417_74732437)dup		COSU328	33535	11	11	75006097	75006117	74732417	74732437	+	+
8035555	COSS1842537	COSO29005278	COST122166	intrachromosomal tandem duplication	chr5:g.(138771450_138771470)_(138505910_138505930)dup		COSU328	33537	5	5	138771450	138771470	138505910	138505930	+	+
8035555	COSS1842537	COSO29005278	COST122167	intrachromosomal deletion	chr10:g.(88196438_88196458)_(89319711_89319731)del		COSU328	33538	10	10	88196438	88196458	89319711	89319731	+	+
8035555	COSS1842537	COSO29005278	COST122168	intrachromosomal tandem duplication	chr10:g.(111723107_111723127)_(111699201_111699221)dup		COSU328	33539	10	10	111723107	111723127	111699201	111699221	+	+
8035555	COSS1842537	COSO29005278	COST122171	intrachromosomal tandem duplication	chr5:g.(87176888_87176908)_(87159946_87159966)dup		COSU328	33542	5	5	87176888	87176908	87159946	87159966	+	+
8035555	COSS1842537	COSO29005278	COST122172	intrachromosomal tandem duplication	chr14:g.(43445322_43445342)_(43445254_43445274)dup		COSU328	33543	14	14	43445322	43445342	43445254	43445274	+	+
8035555	COSS1842537	COSO29005278	COST122173	intrachromosomal tandem duplication	chr10:g.(89420307_89420327)_(88125864_88125884)dup		COSU328	33544	10	10	89420307	89420327	88125864	88125884	+	+
8035555	COSS1842537	COSO29005278	COST122174	intrachromosomal tandem duplication	chr10:g.(2229886_2229906)_(2223814_2223834)dup		COSU328	33545	10	10	2229886	2229906	2223814	2223834	+	+
8035555	COSS1842537	COSO29005278	COST122175	intrachromosomal inversion	chr5:g.(99880277_99880297)_(100388263_100388283)inv		COSU328	33546	5	5	99880277	99880297	100388263	100388283	-	+
8035555	COSS1842537	COSO29005278	COST122177	intrachromosomal tandem duplication	chr2:g.(217410556_217410576)_(217409257_217409277)dup		COSU328	33548	2	2	217410556	217410576	217409257	217409277	+	+
8035555	COSS1842537	COSO29005278	COST122178	intrachromosomal deletion	chr19:g.(49655107_49655127)_(49655203_49655223)del		COSU328	33642	19	19	49655107	49655127	49655203	49655223	+	+
8035555	COSS1842537	COSO29005278	COST122181	intrachromosomal inversion	chr6:g.(73978189_73978209)_(73979773_73979793)inv		COSU328	33645	6	6	73978189	73978209	73979773	73979793	-	+
8035555	COSS1842537	COSO29005278	COST122182	intrachromosomal deletion	chr5:g.(3677354_3677374)_(3767758_3767778)del		COSU328	33646	5	5	3677354	3677374	3767758	3767778	+	+
8035555	COSS1842537	COSO29005278	COST122183	intrachromosomal tandem duplication	chr2:g.(232512004_232512024)_(232451151_232451171)dup		COSU328	33647	2	2	232512004	232512024	232451151	232451171	+	+
