GENE_SYMBOL	COSMIC_GENE_ID	TRANSCRIPT_ACCESSION	COSMIC_SAMPLE_ID	SAMPLE_NAME	COSMIC_PHENOTYPE_ID	GENOMIC_MUTATION_ID	LEGACY_MUTATION_ID	MUTATION_ID	MUTATION_CDS	MUTATION_AA	MUTATION_DESCRIPTION	MUTATION_ZYGOSITY	LOH	CHROMOSOME	GENOME_START	GENOME_STOP	STRAND	PUBMED_PMID	COSMIC_STUDY_ID	HGVSP	HGVSC	HGVSG	GENOMIC_WT_ALLELE	GENOMIC_MUT_ALLELE	MUTATION_SOMATIC_STATUS
PLCH1	COSG34621	ENST00000414191.1	COSS2688387	ML_128_T_01	COSO32664862	COSV58207166	COSN29120521	52980448	c.1272+9591T>C	p.?	intron_variant			3	155257985	155257985	-		COSU656		ENST00000414191.1:c.1272+9591T>C	3:g.155257985A>G	A	G	Confirmed somatic variant
RAD51B	COSG2896	ENST00000488612.1	COSS2196586	8069446	COSO29005278	COSV66853418	COSN7024993	70021299	c.1037-3126A>T	p.?	intron_variant			14	69114372	69114372	+		COSU328		ENST00000488612.1:c.1037-3126A>T	14:g.69114372A>T	A	T	Confirmed somatic variant
VWA8	COSG33322	ENST00000379310.3	COSS2385621	OSCC-GB_01170111	COSO30454862	COSV64995164	COSN23727726	39844989	c.4611+12291G>C	p.?	intron_variant			13	42232791	42232791	-		COSU539		ENST00000379310.3:c.4611+12291G>C	13:g.42232791C>G	C	G	Confirmed somatic variant
ABI3BP	COSG17313	ENST00000284322.5	COSS1918836	RK046_C02	COSO29824862	COSV52552591	COSN1901736	22797114	c.280+5756G>A	p.?	intron_variant	het		3	100639390	100639390	-		COSU322		ENST00000284322.5:c.280+5756G>A	3:g.100639390C>T	C	T	Variant of unknown origin
DLG2	COSG35446	ENST00000398309.2	COSS2234124	PD24215a	COSO28395278	COSV54658379	COSN22490577	47267590	c.310-9303C>A	p.?	intron_variant			11	83819393	83819393	-		COSU652		ENST00000398309.2:c.310-9303C>A	11:g.83819393G>T	G	T	Confirmed somatic variant
SLC16A7	COSG31539	ENST00000552432.1	COSS2634997	0194_CRUK_PC_0194_T1_DNA	COSO32054826	COSV53892661	COSN26240787	92065954	c.1180+243A>T	p.?	intron_variant			12	60169499	60169499	+		COSU538		ENST00000552432.1:c.1180+243A>T	12:g.60169499A>T	A	T	Confirmed somatic variant
MIPOL1	COSG599	ENST00000396294.2	COSS2213152	PD23567a	COSO28395278	COSV59394733	COSN21245611	49299503	c.828+24072G>A	p.?	intron_variant			14	37801796	37801796	+		COSU652		ENST00000396294.2:c.828+24072G>A	14:g.37801796G>A	G	A	Confirmed somatic variant
RNF182	COSG4740	ENST00000537388.1	COSS1653114	8031121	COSO29005278	COSV68255281	COSN7691312	87442965	c.-212+20339A>C	p.?	intron_variant			6	13945936	13945936	+		COSU328		ENST00000537388.1:c.-212+20339A>C	6:g.13945936A>C	A	C	Confirmed somatic variant
EYS	COSG7595	ENST00000370616.2	COSS2340894	RK221_C01	COSO29824862	COSV60982822	COSN16455595	37293029	c.863-1172A>G	p.?	intron_variant			6	66116432	66116432	-		COSU322		ENST00000370616.2:c.863-1172A>G	6:g.66116432T>C	T	C	Confirmed somatic variant
PRR7	COSG40156	ENST00000323249.3	COSS2633675	JCQ-HMCaA	COSO28864826	COSV52793291	COSN26435805	27350913	c.-68C>T	p.?	5_prime_UTR_variant			5	176882001	176882001	+		COSU646		ENST00000323249.3:c.-68C>T	5:g.176882001C>T	C	T	Confirmed somatic variant
ATP5MPL	COSG44533	ENST00000286953.3	COSS1731197	TCGA-24-1845-01	COSO30135468	COSV99743911	COSM7494401	24701229	c.167G>T	p.G56V	missense_variant			14	104379013	104379013	-		COSU331	ENSP00000286953.3:p.Gly56Val	ENST00000286953.3:c.167G>T	14:g.104379013C>A	C	A	Confirmed somatic variant
CTC-360G5.8	COSG38643	ENST00000599996.1	COSS2194125	TCGA-P5-A5EW-01	COSO28245257	COSV55499083	COSM3970974	100328496	c.476-6078G>A	p.?	intron_variant			19	39423018	39423018	-		COSU545		ENST00000599996.1:c.476-6078G>A	19:g.39423018C>T	C	T	Confirmed somatic variant
NEMF	COSG57633	ENST00000546046.1	COSS1819095	tumor_4116738	COSO27984818	COSV53593507	COSN4757951	91031208	c.231+1550C>T	p.?	intron_variant			14	50316731	50316731	-		COSU440		ENST00000546046.1:c.231+1550C>T	14:g.50316731G>A	G	A	Confirmed somatic variant
HIF3A	COSG36075	ENST00000420102.2	COSS2339885	RK233_C01	COSO29824862	COSV52199698	COSN15681712	50431052	c.1759+1160T>C	p.?	intron_variant			19	46839403	46839403	+		COSU322		ENST00000420102.2:c.1759+1160T>C	19:g.46839403T>C	T	C	Confirmed somatic variant
TSGA10	COSG35724	ENST00000539964.1	COSS2195074	TCGA-85-8582-01	COSO29914830	COSV100747477	COSM8707987	84669406	c.22A>T	p.S8C	missense_variant			2	99725881	99725881	-		COSU418	ENSP00000444419.1:p.Ser8Cys	ENST00000539964.1:c.22A>T	2:g.99725881T>A	T	A	Confirmed somatic variant
PPHLN1	COSG39209	ENST00000395580.3	COSS1819098	tumor_4135350	COSO27984797	COSV56733209	COSN4729737	45641472	c.321-1107C>T	p.?	intron_variant			12	42767558	42767558	+		COSU440		ENST00000395580.3:c.321-1107C>T	12:g.42767558C>T	C	T	Confirmed somatic variant
ZBTB38	COSG47104	ENST00000514251.1	COSS2634350	CHG-2009-20710T	COSO29824888	COSV58543621	COSN26643955	76864162	c.*1389C>T	p.?	3_prime_UTR_variant			3	141166207	141166207	+		COSU660		ENST00000514251.1:c.*1389C>T	3:g.141166207C>T	C	T	Confirmed somatic variant
LAMB2	COSG18427	ENST00000418109.1	COSS2121502	TCGA-D3-A1Q6-06	COSO32666078	COSV59734375	COSM3595235	53449071	c.1685C>T	p.P562L	missense_variant			3	49166499	49166499	-		COSU540	ENSP00000388325.1:p.Pro562Leu	ENST00000418109.1:c.1685C>T	3:g.49166499G>A	G	A	Confirmed somatic variant
ERV3-1	COSG56502	ENST00000394323.2	COSS2121622	TCGA-EE-A181-06	COSO32666078	COSV101271385	COSN30458351	47881163	c.-434G>T	p.?	5_prime_UTR_variant			7	64466964	64466964	-		COSU540		ENST00000394323.2:c.-434G>T	7:g.64466964C>A	C	A	Confirmed somatic variant
NTRK3	COSG1513	ENST00000558676.1	COSS2688098	T_CCA_TH_12	COSO27814862	COSV62295235	COSN27475428	92060088	c.1562-13359C>T	p.?	intron_variant			15	88497343	88497343	-		COSU653		ENST00000558676.1:c.1562-13359C>T	15:g.88497343G>A	G	A	Confirmed somatic variant
VTI1A	COSG47806	ENST00000393077.2	COSS2194432	CHC313T	COSO29825606	COSV67578756	COSN28248798	45116735	c.561-48552G>A	p.?	intron_variant			10	114526497	114526497	+		COSU381		ENST00000393077.2:c.561-48552G>A	10:g.114526497G>A	G	A	Confirmed somatic variant
TCF4	COSG23076	ENST00000356073.4	COSS2195093	TCGA-77-7465-01	COSO29914830	COSV100610428	COSM8739702	33446237	c.837G>C	p.P279=	synonymous_variant			18	52937147	52937147	-		COSU418	ENSP00000348374.4:p.Pro279=	ENST00000356073.4:c.837G>C	18:g.52937147C>G	C	G	Confirmed somatic variant
CYB5B	COSG49224	ENST00000307892.8	COSS2633901	ZLH-199T	COSO36004862	COSV57174611	COSN24507200	29329492	c.333+1708A>T	p.?	intron_variant			16	69483755	69483755	+		COSU371		ENST00000307892.8:c.333+1708A>T	16:g.69483755A>T	A	T	Confirmed somatic variant
TNFRSF8	COSG47325	ENST00000417814.2	COSS1913980	TCGA-44-5644-01	COSO29974826	COSV55798620	COSM6120821	52820485	c.-182-12604C>A	p.?	intron_variant			1	12144554	12144554	+		COSU417		ENST00000417814.2:c.-182-12604C>A	1:g.12144554C>A	C	A	Variant of unknown origin
SLC6A2	COSG42786	ENST00000566163.1	COSS2380406	TCGA-BF-A5EO-01	COSO32666078	COSV99573469	COSM7931755	95988450	c.349G>A	p.G117R	missense_variant			16	55703551	55703551	+		COSU540	ENSP00000456210.1:p.Gly117Arg	ENST00000566163.1:c.349G>A	16:g.55703551G>A	G	A	Confirmed somatic variant
FGF12	COSG31008	ENST00000445105.2	COSS1503001	PD6727b	COSO31314954	COSV53183732	COSN22336221	61551739	c.228+11113G>T	p.?	intron_variant			3	192042037	192042037	-		COSU652		ENST00000445105.2:c.228+11113G>T	3:g.192042037C>A	C	A	Confirmed somatic variant
ARHGEF16	COSG22218	ENST00000413250.2	COSS2198400	TCGA-BG-A2L7-01	COSO29025463	COSV101000574	COSM8864035	49831294	c.1053G>T	p.E351D	missense_variant			1	3396428	3396428	+		COSU419	ENSP00000408887.2:p.Glu351Asp	ENST00000413250.2:c.1053G>T	1:g.3396428G>T	G	T	Confirmed somatic variant
ZNF671	COSG1636	ENST00000317398.6	COSS2263020	TCGA-AF-A56N-01	COSO28664826	COSV58051895	COSM258504	30675731	c.1543G>T	p.E515*	stop_gained			19	58231911	58231911	-	22810696	COSU375	ENSP00000321848.5:p.Glu515Ter	ENST00000317398.6:c.1543G>T	19:g.58231911C>A	C	A	Confirmed somatic variant
ZNF671	COSG1636	ENST00000317398.6	COSS1651564	TCGA-AG-3892-01	COSO28664826	COSV58051895	COSM258504	30675731	c.1543G>T	p.E515*	stop_gained			19	58231911	58231911	-	22810696	COSU375	ENSP00000321848.5:p.Glu515Ter	ENST00000317398.6:c.1543G>T	19:g.58231911C>A	C	A	Confirmed somatic variant
LRBA	COSG6959	ENST00000535741.1	COSS2263073	LP6005409-DNA_A02	COSO31394826	COSV63963328	COSN15008326	86081205	c.7195-14982G>T	p.?	intron_variant			4	151286293	151286293	-		COSU535		ENST00000535741.1:c.7195-14982G>T	4:g.151286293C>A	C	A	Confirmed somatic variant
HOPX	COSG42880	ENST00000508121.1	COSS2121780	TCGA-FS-A4FC-06	COSO32666078	COSV100497079	COSN30454134	74116198	c.*30C>T	p.?	3_prime_UTR_variant			4	57514856	57514856	-		COSU540		ENST00000508121.1:c.*30C>T	4:g.57514856G>A	G	A	Confirmed somatic variant
FEZ2	COSG48204	ENST00000405912.3	COSS2197384	8051710	COSO29004841	COSV59907356	COSN8993277	50548196	c.903+2045A>G	p.?	intron_variant			2	36803695	36803695	-		COSU586		ENST00000405912.3:c.903+2045A>G	2:g.36803695T>C	T	C	Confirmed somatic variant
UBC	COSG14911	ENST00000339647.5	COSS1610386	PD8984a	COSO28395278	COSV60059930	COSN22713771	32534138	c.-4+240A>C	p.?	intron_variant			12	125398893	125398893	-		COSU652		ENST00000339647.5:c.-4+240A>C	12:g.125398893T>G	T	G	Confirmed somatic variant
SYT14	COSG38840	ENST00000537238.1	COSS1503001	PD6727b	COSO31314954	COSV55061617	COSN22338570	86964666	c.1051-9583G>T	p.?	intron_variant			1	210319483	210319483	+		COSU652		ENST00000537238.1:c.1051-9583G>T	1:g.210319483G>T	G	T	Confirmed somatic variant
PTPN14	COSG49584	ENST00000366956.5	COSS2339414	CPCG0203-F1	COSO32054826	COSV65288240	COSN16206014	38686169	c.-154-42078G>A	p.?	intron_variant			1	214680378	214680378	-		COSU537		ENST00000366956.5:c.-154-42078G>A	1:g.214680378C>T	C	T	Confirmed somatic variant
TCF7L2	COSG55171	ENST00000355717.4	COSS1918802	RK003_C01	COSO29824862	COSV60505594	COSN1471778	32281082	c.382-41756del	p.?	intron_variant	het		10	114758028	114758028	+		COSU322		ENST00000355717.4:c.382-41756del	10:g.114758028del	G		Variant of unknown origin
INSIG1	COSG33953	ENST00000342407.5	COSS2733668	7015	COSO28245232	COSV107423734	COSM10511692	34619152	c.170A>C	p.D57A	missense_variant			7	155090165	155090165	+	27571888		ENSP00000344035.5:p.Asp57Ala	ENST00000342407.5:c.170A>C	7:g.155090165A>C	A	C	Confirmed somatic variant
RYR1	COSG3880	ENST00000360985.3	COSS2262832	8067541	COSO29005278	COSV62108751	COSN14460109	38639321	c.12268-2009G>A	p.?	intron_variant			19	39049744	39049744	+		COSU328		ENST00000360985.3:c.12268-2009G>A	19:g.39049744G>A	G	A	Confirmed somatic variant
NEK11	COSG35658	ENST00000412440.2	COSS2789502	LP6008336-DNA_H03	COSO31394826	COSV101273084	COSN30386998	51528824	c.848-2684C>A	p.?	intron_variant			3	130944688	130944688	+		COSU535		ENST00000412440.2:c.848-2684C>A	3:g.130944688C>A	C	A	Confirmed somatic variant
PNMA5	COSG47198	ENST00000439251.1	COSS2894820	PD42111a	COSO33746050	COSV105278957	COSM9911141	56965586	c.1130G>A	p.S377N	missense_variant			X	152159013	152159013	-	33024263		ENSP00000388850.1:p.Ser377Asn	ENST00000439251.1:c.1130G>A	X:g.152159013C>T	C	T	Variant of unknown origin
PTPRD	COSG31734	ENST00000397606.3	COSS1918861	RK080_C01	COSO29824862	COSV61949417	COSN2330001	49200997	c.3440+13251A>T	p.?	intron_variant	het		9	8362685	8362685	-		COSU322		ENST00000397606.3:c.3440+13251A>T	9:g.8362685T>A	T	A	Variant of unknown origin
TFPT	COSG47423	ENST00000391759.1	COSS2688216	CPCG0402-F1	COSO32054826	COSV58084741	COSN29656839	43650926	c.24-126G>C	p.?	intron_variant			19	54618206	54618206	-		COSU537		ENST00000391759.1:c.24-126G>C	19:g.54618206C>G	C	G	Confirmed somatic variant
ELMO1	COSG17546	ENST00000396045.3	COSS2196282	AOCS-153-1-2	COSO30135473	COSV60294593	COSN9987195	47860147	c.275-2354A>T	p.?	intron_variant			7	36920076	36920076	-		COSU585		ENST00000396045.3:c.275-2354A>T	7:g.36920076T>A	T	A	Confirmed somatic variant
GOLGA7B	COSG13495	ENST00000596005.1	COSS2688318	CPCG0036-F1	COSO32054826	COSV54000039	COSN27873521	99362821	c.*1321C>T	p.?	3_prime_UTR_variant			10	99631082	99631082	+		COSU537		ENST00000596005.1:c.*1321C>T	10:g.99631082C>T	C	T	Confirmed somatic variant
CADM2	COSG26183	ENST00000383699.3	COSS2241712	PD24336a	COSO28395278	COSV67369835	COSN22645742	43713698	c.61+244521A>T	p.?	intron_variant			3	85253340	85253340	+		COSU652		ENST00000383699.3:c.61+244521A>T	3:g.85253340A>T	A	T	Confirmed somatic variant
ARMC8	COSG40046	ENST00000481646.1	COSS2972881	Patient5_FFPE	COSO29005278	COSV108887997	COSM10799323	70184273	c.241G>A	p.E81K	missense_variant			3	137942319	137942319	+	33188144		ENSP00000420333.1:p.Glu81Lys	ENST00000481646.1:c.241G>A	3:g.137942319G>A	G	A	Confirmed somatic variant
CCN4	COSG3323	ENST00000220856.6	COSS2120905	HCC96	COSO29824862	COSV51530579	COSN5109119	23121763	c.543+67C>G	p.?	intron_variant			8	134237893	134237893	+		COSU323		ENST00000220856.6:c.543+67C>G	8:g.134237893C>G	C	G	Confirmed somatic variant
CCN4	COSG3323	ENST00000220856.6	COSS2120906	HCC96T	COSO29824862	COSV51530579	COSN5109119	23121763	c.543+67C>G	p.?	intron_variant			8	134237893	134237893	+		COSU323		ENST00000220856.6:c.543+67C>G	8:g.134237893C>G	C	G	Confirmed somatic variant
MYC	COSG51592	ENST00000259523.6	COSS2121034	tumor_4177856	COSO27985099	COSV52378363	COSN4876678	23086594	c.-16+583T>C	p.?	intron_variant			8	128749452	128749452	+		COSU440		ENST00000259523.6:c.-16+583T>C	8:g.128749452T>C	T	C	Confirmed somatic variant
HYDIN	COSG22727	ENST00000321489.5	COSS2121224	8062308	COSO29005278	COSV55501676	COSN7269852	25505118	c.517-4875G>A	p.?	intron_variant			16	71201508	71201508	-		COSU328		ENST00000321489.5:c.517-4875G>A	16:g.71201508C>T	C	T	Confirmed somatic variant
TENM3	COSG36799	ENST00000406950.2	COSS2747580	GCYC_171_T	COSO36004862	COSV101305621	COSM8600080	49810934	c.4499A>G	p.K1500R	missense_variant			4	183676019	183676019	+		COSU683	ENSP00000385276.2:p.Lys1500Arg	ENST00000406950.2:c.4499A>G	4:g.183676019A>G	A	G	Confirmed somatic variant
VPS35L	COSG35631	ENST00000542263.1	COSS2292458	CSCC-5-T	COSO58564830	COSV51982340	COSM4484484	90326177	c.2535C>T	p.L845=	synonymous_variant	het		16	19702694	19702694	+	25303977		ENSP00000442468.1:p.Leu845=	ENST00000542263.1:c.2535C>T	16:g.19702694C>T	C	T	Confirmed somatic variant
SEMA6A	COSG38689	ENST00000257414.8	COSS2196348	AOCS-056-1-X	COSO30135473	COSV56713140	COSN9400131	21189911	c.1945+7970C>A	p.?	intron_variant			5	115795309	115795309	-		COSU585		ENST00000257414.8:c.1945+7970C>A	5:g.115795309G>T	G	T	Confirmed somatic variant
MEF2C	COSG33317	ENST00000424173.2	COSS2970743	IID_H198434	COSO279811280	COSV60941625	COSM3140345	55837826	c.40G>A	p.E14K	missense_variant			5	88119566	88119566	-	36723991		ENSP00000389610.2:p.Glu14Lys	ENST00000424173.2:c.40G>A	5:g.88119566C>T	C	T	Confirmed somatic variant
MEF2C	COSG33317	ENST00000424173.2	COSS2930822	2930822	COSO279811279	COSV60941625	COSM3140345	55837826	c.40G>A	p.E14K	missense_variant	het		5	88119566	88119566	-	25488972		ENSP00000389610.2:p.Glu14Lys	ENST00000424173.2:c.40G>A	5:g.88119566C>T	C	T	Confirmed somatic variant
ATAT1	COSG27005	ENST00000318999.7	COSS2866098	APGI-CC-2987	COSO27814826	COSV105123053	COSM9615802	27378932	c.737G>A	p.R246H	missense_variant			6	30610626	30610626	+	26804919		ENSP00000324222.7:p.Arg246His	ENST00000318999.7:c.737G>A	6:g.30610626G>A	G	A	Confirmed somatic variant
CACNA1G	COSG20700	ENST00000512389.1	COSS1918845	RK056_C01	COSO29824862	COSV61730476	COSN1721234	78561265	c.489-198T>C	p.?	intron_variant	het		17	48646869	48646869	+		COSU322		ENST00000512389.1:c.489-198T>C	17:g.48646869T>C	T	C	Variant of unknown origin
MROH6	COSG1228	ENST00000534459.1	COSS2961826	2	COSO32104881	COSV52797925	COSM4162736	84885643	c.-153G>A	p.?	5_prime_UTR_variant			8	144649968	144649968	-	30176882			ENST00000534459.1:c.-153G>A	8:g.144649968C>T	C	T	Confirmed somatic variant
MROH6	COSG1228	ENST00000534459.1	COSS2955811	38	COSO36605381	COSV52797925	COSM4162736	84885643	c.-153G>A	p.?	5_prime_UTR_variant			8	144649968	144649968	-	31636198			ENST00000534459.1:c.-153G>A	8:g.144649968C>T	C	T	Reported in another cancer sample as somatic
MROH6	COSG1228	ENST00000534459.1	COSS2955773	10	COSO36605381	COSV52797925	COSM4162736	84885643	c.-153G>A	p.?	5_prime_UTR_variant			8	144649968	144649968	-	31636198			ENST00000534459.1:c.-153G>A	8:g.144649968C>T	C	T	Reported in another cancer sample as somatic
MROH6	COSG1228	ENST00000534459.1	COSS2961827	3	COSO27964879	COSV52797925	COSM4162736	84885643	c.-153G>A	p.?	5_prime_UTR_variant			8	144649968	144649968	-	30176882			ENST00000534459.1:c.-153G>A	8:g.144649968C>T	C	T	Confirmed somatic variant
MROH6	COSG1228	ENST00000534459.1	COSS2961825	1	COSO27964879	COSV52797925	COSM4162736	84885643	c.-153G>A	p.?	5_prime_UTR_variant			8	144649968	144649968	-	30176882			ENST00000534459.1:c.-153G>A	8:g.144649968C>T	C	T	Confirmed somatic variant
MROH6	COSG1228	ENST00000534459.1	COSS2955794	27	COSO36605381	COSV52797925	COSM4162736	84885643	c.-153G>A	p.?	5_prime_UTR_variant			8	144649968	144649968	-	31636198			ENST00000534459.1:c.-153G>A	8:g.144649968C>T	C	T	Reported in another cancer sample as somatic
MROH6	COSG1228	ENST00000534459.1	COSS2955800	30	COSO36605381	COSV52797925	COSM4162736	84885643	c.-153G>A	p.?	5_prime_UTR_variant			8	144649968	144649968	-	31636198			ENST00000534459.1:c.-153G>A	8:g.144649968C>T	C	T	Reported in another cancer sample as somatic
MROH6	COSG1228	ENST00000534459.1	COSS2185970	PTC-7C	COSO36284888	COSV52797925	COSM4162736	84885643	c.-153G>A	p.?	5_prime_UTR_variant			8	144649968	144649968	-		COSU589		ENST00000534459.1:c.-153G>A	8:g.144649968C>T	C	T	Confirmed somatic variant
MROH6	COSG1228	ENST00000534459.1	COSS2955813	40	COSO36605381	COSV52797925	COSM4162736	84885643	c.-153G>A	p.?	5_prime_UTR_variant			8	144649968	144649968	-	31636198			ENST00000534459.1:c.-153G>A	8:g.144649968C>T	C	T	Reported in another cancer sample as somatic
GRIK1	COSG48373	ENST00000535441.1	COSS1765263	LUAD-YINHD	COSO29914826	COSV58732538	COSM350239	84668805	c.821G>T	p.G274V	missense_variant			21	31023571	31023571	-	22980975		ENSP00000446326.1:p.Gly274Val	ENST00000535441.1:c.821G>T	21:g.31023571C>A	C	A	Variant of unknown origin
PTPRR	COSG50864	ENST00000549308.1	COSS2818917	MEN0042G-P1	COSO28365312	COSV104392907	COSN31881996	92117715	c.1145+5117C>T	p.?	intron_variant			12	71045367	71045367	-	28713588			ENST00000549308.1:c.1145+5117C>T	12:g.71045367G>A	G	A	Confirmed somatic variant
PRDM16	COSG47095	ENST00000441472.2	COSS2634595	tumor_4161288	COSO27985099	COSV54599082	COSN25448666	59180064	c.37+22178G>T	p.?	intron_variant			1	3008038	3008038	+		COSU440		ENST00000441472.2:c.37+22178G>T	1:g.3008038G>T	G	T	Confirmed somatic variant
GRM4	COSG37441	ENST00000374177.3	COSS1780159	TCGA-50-5931-01	COSO29914826	COSV65218945	COSM6106814	40073905	c.1864C>T	p.R622C	missense_variant			6	34003675	34003675	-		COSU417	ENSP00000363292.3:p.Arg622Cys	ENST00000374177.3:c.1864C>T	6:g.34003675G>A	G	A	Variant of unknown origin
ENTHD1	COSG37002	ENST00000325157.6	COSS2744939	2014_Lung_sq_68_T	COSO29914862	COSV57322521	COSM7230383	29511561	c.1219+7C>G	p.?	intron_variant,splice_region_variant			22	40161221	40161221	-		COSU583		ENST00000325157.6:c.1219+7C>G	22:g.40161221G>C	G	C	Confirmed somatic variant
ENTHD1	COSG37002	ENST00000325157.6	COSS2744920	2014_Lung_sq_49_T	COSO29914862	COSV57322521	COSM7230383	29511561	c.1219+7C>G	p.?	intron_variant,splice_region_variant			22	40161221	40161221	-		COSU583		ENST00000325157.6:c.1219+7C>G	22:g.40161221G>C	G	C	Confirmed somatic variant
MCTP1	COSG38071	ENST00000505208.1	COSS2688125	T_CCA_JP_9	COSO27814862	COSV56528105	COSN27574412	73858280	c.58-25001G>T	p.?	intron_variant			5	94378189	94378189	-		COSU653		ENST00000505208.1:c.58-25001G>T	5:g.94378189C>A	C	A	Confirmed somatic variant
TRAPPC9	COSG51015	ENST00000389327.3	COSS2031853	PD18189a	COSO28395278	COSV66901248	COSN24239956	42669885	c.982-3413C>T	p.?	intron_variant			8	141411257	141411257	-		COSU652		ENST00000389327.3:c.982-3413C>T	8:g.141411257G>A	G	A	Confirmed somatic variant
TRAPPC9	COSG51015	ENST00000389327.3	COSS2549250	DN1121A	COSO283912932	COSV66901248	COSN24239956	42669885	c.982-3413C>T	p.?	intron_variant			8	141411257	141411257	-		COSU668		ENST00000389327.3:c.982-3413C>T	8:g.141411257G>A	G	A	Confirmed somatic variant
CDH18	COSG46322	ENST00000507958.1	COSS2634657	tumor_4139212	COSO27985099	COSV56941615	COSN25230185	77910607	c.229-26825T>G	p.?	intron_variant			5	19774170	19774170	-		COSU440		ENST00000507958.1:c.229-26825T>G	5:g.19774170A>C	A	C	Confirmed somatic variant
SNX17	COSG45331	ENST00000233575.2	COSS1919172	HCC109T	COSO29824862	COSV52007635	COSN1237175	21555965	c.257-203A>G	p.?	intron_variant	het		2	27595911	27595911	+		COSU323		ENST00000233575.2:c.257-203A>G	2:g.27595911A>G	A	G	Reported in another cancer sample as somatic
SNX17	COSG45331	ENST00000233575.2	COSS2120703	HCC109	COSO29824862	COSV52007635	COSN1237175	21555965	c.257-203A>G	p.?	intron_variant			2	27595911	27595911	+		COSU323		ENST00000233575.2:c.257-203A>G	2:g.27595911A>G	A	G	Confirmed somatic variant
PRIM2	COSG34680	ENST00000607273.1	COSS1919177	HCC116T	COSO29824862	COSV67297268	COSN1334985	100296085	c.693+26490T>A	p.?	intron_variant	het		6	57273456	57273456	+		COSU323		ENST00000607273.1:c.693+26490T>A	6:g.57273456T>A	T	A	Variant of unknown origin
TLK1	COSG26962	ENST00000431350.2	COSS2194690	RK135_C01	COSO29824862	COSV62631719	COSN6154258	57743768	c.407-822A>G	p.?	intron_variant			2	171915529	171915529	-		COSU322		ENST00000431350.2:c.407-822A>G	2:g.171915529T>C	T	C	Confirmed somatic variant
VAV3	COSG7432	ENST00000370056.4	COSS2197243	PCSI_0164_Pa_P_526	COSO29005278	COSV64066559	COSN8317610	39215661	c.205-44428A>G	p.?	intron_variant			1	108462067	108462067	-		COSU382		ENST00000370056.4:c.205-44428A>G	1:g.108462067T>C	T	C	Confirmed somatic variant
SMPX	COSG57471	ENST00000379494.3	COSS2456278	SNU_WGS_12_S1	COSO27984905	COSV65277516	COSN28588270	40488703	c.*14+6013A>T	p.?	intron_variant			X	21749654	21749654	-		COSU544		ENST00000379494.3:c.*14+6013A>T	X:g.21749654T>A	T	A	Confirmed somatic variant
FNIP2	COSG36850	ENST00000379346.3	COSS2634854	ICGC_GBM43_tumor	COSO28245255	COSV52438117	COSN24865630	39957320	c.176+5759C>A	p.?	intron_variant			4	159733334	159733334	+		COSU379		ENST00000379346.3:c.176+5759C>A	4:g.159733334C>A	C	A	Confirmed somatic variant
NEB	COSG23133	ENST00000603639.1	COSS1759830	PD11372a	COSO28395278	COSV51464192	COSN20579715	102132366	c.9723+190C>G	p.?	intron_variant			2	152487039	152487039	-		COSU652		ENST00000603639.1:c.9723+190C>G	2:g.152487039G>C	G	C	Confirmed somatic variant
TXNDC16	COSG27218	ENST00000281741.4	COSS2234122	PD24214a	COSO28395278	COSV55985311	COSN22385866	20857930	c.757-3138T>C	p.?	intron_variant			14	52960861	52960861	-		COSU652		ENST00000281741.4:c.757-3138T>C	14:g.52960861A>G	A	G	Confirmed somatic variant
TTN	COSG1777	ENST00000589042.1	COSS2948960	2948960	COSO32666078	COSV107412925	COSM10421003	99834195	c.106049C>T	p.T35350I	missense_variant			2	179395293	179395293	-	26359337		ENSP00000467141.1:p.Thr35350Ile	ENST00000589042.1:c.106049C>T	2:g.179395293G>A	G	A	Confirmed somatic variant
APOL1	COSG7870	ENST00000347595.7	COSS1783307	TCGA-A5-A0GB-01	COSO29025463	COSV59869932	COSM1033829	33744888	c.317C>T	p.T106I	missense_variant			22	36661562	36661562	+		COSU419	ENSP00000216178.8:p.Thr106Ile	ENST00000347595.7:c.317C>T	22:g.36661562C>T	C	T	Confirmed somatic variant
SEMA4C	COSG39915	ENST00000305476.5	COSS2456792	CRC-19T	COSO28864826	COSV59691295	COSN19750815	26480203	c.-26T>C	p.?	5_prime_UTR_variant			2	97533649	97533649	-		COSU646		ENST00000305476.5:c.-26T>C	2:g.97533649A>G	A	G	Confirmed somatic variant
MYO16	COSG11403	ENST00000356711.2	COSS2197714	C0086T	COSO29644954	COSV51810442	COSN9742437	31580537	c.1711+5840G>T	p.?	intron_variant			13	109556321	109556321	+		COSU588		ENST00000356711.2:c.1711+5840G>T	13:g.109556321G>T	G	T	Confirmed somatic variant
GRID1	COSG4789	ENST00000536331.1	COSS2869850	5-VS030-T1	COSO32665726	COSV105243633	COSM9729215	88152492	c.1077C>A	p.I359=	synonymous_variant			10	87373401	87373401	-	26950094		ENSP00000444455.1:p.Ile359=	ENST00000536331.1:c.1077C>A	10:g.87373401G>T	G	T	Confirmed somatic variant
EIF4G3	COSG12513	ENST00000400422.1	COSS2196246	AOCS-075-1-0	COSO30135473	COSV51674192	COSN8432068	46943989	c.31-10057G>A	p.?	intron_variant			1	21317777	21317777	-		COSU585		ENST00000400422.1:c.31-10057G>A	1:g.21317777C>T	C	T	Confirmed somatic variant
EIF4G3	COSG12513	ENST00000400422.1	COSS2549233	DN12007	COSO283912932	COSV51674192	COSN8432068	46943989	c.31-10057G>A	p.?	intron_variant			1	21317777	21317777	-		COSU668		ENST00000400422.1:c.31-10057G>A	1:g.21317777C>T	C	T	Confirmed somatic variant
EIF4G3	COSG12513	ENST00000400422.1	COSS1764437	PD11464a	COSO28395278	COSV51674192	COSN8432068	46943989	c.31-10057G>A	p.?	intron_variant			1	21317777	21317777	-		COSU652		ENST00000400422.1:c.31-10057G>A	1:g.21317777C>T	C	T	Confirmed somatic variant
CTNNA2	COSG6394	ENST00000466387.1	COSS2198302	TCGA-FI-A2D0-01	COSO29025463	COSV100561663	COSN31538338	66640721	c.1057-79614C>T	p.?	intron_variant			2	80540722	80540722	+		COSU419		ENST00000466387.1:c.1057-79614C>T	2:g.80540722C>T	C	T	Confirmed somatic variant
TNC	COSG13928	ENST00000345230.3	COSS1651162	TCGA-AZ-4315-01	COSO28454826	COSV60783793	COSM1459559	31335629	c.3339T>C	p.G1113=	splice_region_variant,synonymous_variant			9	117803362	117803362	-		COSU376	ENSP00000345861.3:p.Gly1113=	ENST00000345230.3:c.3339T>C	9:g.117803362A>G	A	G	Confirmed somatic variant
MYH6	COSG22963	ENST00000356287.3	COSS2339739	TCGA-W3-A828-06	COSO32666078	COSV100676577	COSM8101915	34341496	c.4805C>T	p.S1602F	missense_variant			14	23855678	23855678	-		COSU540	ENSP00000348634.3:p.Ser1602Phe	ENST00000356287.3:c.4805C>T	14:g.23855678G>A	G	A	Confirmed somatic variant
ARRB2	COSG38243	ENST00000346341.2	COSS1783528	TCGA-D1-A17H-01	COSO29025463	COSV52617076	COSM980592	32499215	c.734+3_734+6del	p.?	coding_sequence_variant,splice_donor_variant	het		17	4621982	4621985	+		COSU419		ENST00000346341.2:c.734+3_734+6del	17:g.4621982_4621985del	GAGT		Variant of unknown origin
SPOCK3	COSG40504	ENST00000541637.1	COSS2688190	LP6008280-DNA_G02	COSO31394826	COSV62733969	COSN27015540	88018861	c.304+1116G>T	p.?	intron_variant			4	167809165	167809165	-		COSU535		ENST00000541637.1:c.304+1116G>T	4:g.167809165C>A	C	A	Confirmed somatic variant
LHFPL2	COSG41065	ENST00000380345.2	COSS2196543	TCGA-HZ-8005-01	COSO29005278	COSV100982548	COSM8433746	43686329	c.232C>T	p.R78W	missense_variant			5	77805805	77805805	-		COSU629	ENSP00000369702.2:p.Arg78Trp	ENST00000380345.2:c.232C>T	5:g.77805805G>A	G	A	Confirmed somatic variant
