GENE_SYMBOL	COSMIC_GENE_ID	TRANSCRIPT_ACCESSION	COSMIC_SAMPLE_ID	SAMPLE_NAME	COSMIC_PHENOTYPE_ID	GENOMIC_MUTATION_ID	LEGACY_MUTATION_ID	MUTATION_ID	MUTATION_CDS	MUTATION_AA	MUTATION_DESCRIPTION	MUTATION_ZYGOSITY	LOH	CHROMOSOME	GENOME_START	GENOME_STOP	STRAND	PUBMED_PMID	COSMIC_STUDY_ID	HGVSP	HGVSC	HGVSG	GENOMIC_WT_ALLELE	GENOMIC_MUT_ALLELE	MUTATION_SOMATIC_STATUS	POSITIVE_SCREEN
NTRK3	COSG1513	ENST00000357724.2	COSS2725621	P-0009752-T01-IM5	COSO32666078	COSV58151866	COSM6970573	32382409	c.535G>A	p.E179K	missense_variant	het		15	88680722	88680722	-	28481359		ENSP00000350356.2:p.Glu179Lys	ENST00000357724.2:c.535G>A	15:g.88680722C>T	C	T	Confirmed somatic variant	y
TCF7L2	COSG55171	ENST00000369395.1	COSS2434480	CGCRC180	COSO28664826	COSV60506950	COSM6025056	36990950	c.70G>A	p.E24K	missense_variant			10	114710585	114710585	+	26416732		ENSP00000358402.1:p.Glu24Lys	ENST00000369395.1:c.70G>A	10:g.114710585G>A	G	A	Confirmed somatic variant	y
UTY	COSG48319	ENST00000538878.1	COSS2807214	MBC029T	COSO28395278	COSV100229959	COSM9127318	84213718	c.2319G>A	p.L773=	synonymous_variant			Y	15447568	15447568	-	31340200		ENSP00000445274.1:p.Leu773=	ENST00000538878.1:c.2319G>A	Y:g.15447568C>T	C	T	Variant of unknown origin	y
RPS3	COSG38294	ENST00000534440.1	COSS1759227	S01512	COSO29915333	COSV53704273	COSM314903	84822741	c.284-638T>C	p.?	intron_variant			11	75115078	75115078	+	22941188			ENST00000534440.1:c.284-638T>C	11:g.75115078T>C	T	C	Reported in another cancer sample as somatic	y
AMER1	COSG48847	ENST00000374869.3	COSS2721579	P-0005173-T01-IM5	COSO29914826	COSV57665378	COSM6941667	42962706	c.2357+352G>T	p.?	intron_variant	het		X	63410458	63410458	-	28481359			ENST00000374869.3:c.2357+352G>T	X:g.63410458C>A	C	A	Confirmed somatic variant	y
CHD6	COSG31590	ENST00000373233.3	COSS2954694	PD36249a	COSO58566050	COSV107474954	COSM10535034	38277556	c.7056C>T	p.S2352=	synonymous_variant			20	40042039	40042039	-	36219477		ENSP00000362330.3:p.Ser2352=	ENST00000373233.3:c.7056C>T	20:g.40042039G>A	G	A	Variant of unknown origin	y
COL6A3	COSG45594	ENST00000346358.4	COSS2954396	PD36292a	COSO33456078	COSV107337440	COSN32891898	32545172	c.7069-1082G>A	p.?	intron_variant			2	238251886	238251886	-	36219477			ENST00000346358.4:c.7069-1082G>A	2:g.238251886C>T	C	T	Variant of unknown origin	y
CTCF	COSG35715	ENST00000401394.1	COSS2727426	P-0012358-T01-IM5	COSO29025463	COSV50461486	COSM194431	48423479	c.40C>T	p.R14C	missense_variant	het		16	67650719	67650719	+	28481359		ENSP00000384707.1:p.Arg14Cys	ENST00000401394.1:c.40C>T	16:g.67650719C>T	C	T	Confirmed somatic variant	y
CTCF	COSG35715	ENST00000401394.1	COSS2726247	P-0010531-T01-IM5	COSO27964881	COSV50461486	COSM194431	48423479	c.40C>T	p.R14C	missense_variant	het		16	67650719	67650719	+	28481359		ENSP00000384707.1:p.Arg14Cys	ENST00000401394.1:c.40C>T	16:g.67650719C>T	C	T	Confirmed somatic variant	y
CTCF	COSG35715	ENST00000401394.1	COSS2729901	2729901	COSO27984916	COSV50461486	COSM194431	48423479	c.40C>T	p.R14C	missense_variant			16	67650719	67650719	+	27872090		ENSP00000384707.1:p.Arg14Cys	ENST00000401394.1:c.40C>T	16:g.67650719C>T	C	T	Confirmed somatic variant	y
CTCF	COSG35715	ENST00000401394.1	COSS2729902	2729902	COSO27984916	COSV50461486	COSM194431	48423479	c.40C>T	p.R14C	missense_variant			16	67650719	67650719	+	27872090		ENSP00000384707.1:p.Arg14Cys	ENST00000401394.1:c.40C>T	16:g.67650719C>T	C	T	Confirmed somatic variant	y
CTCF	COSG35715	ENST00000401394.1	COSS2869776	5-GE071-T1	COSO32665726	COSV50461486	COSM194431	48423479	c.40C>T	p.R14C	missense_variant			16	67650719	67650719	+	26950094		ENSP00000384707.1:p.Arg14Cys	ENST00000401394.1:c.40C>T	16:g.67650719C>T	C	T	Reported in another cancer sample as somatic	y
CTCF	COSG35715	ENST00000401394.1	COSS2830486	P-0013613-T01-IM5	COSO28395278	COSV50461486	COSM194431	48423479	c.40C>T	p.R14C	missense_variant			16	67650719	67650719	+	30205045		ENSP00000384707.1:p.Arg14Cys	ENST00000401394.1:c.40C>T	16:g.67650719C>T	C	T	Confirmed somatic variant	y
RGS3	COSG45270	ENST00000462403.1	COSS2954696	PD36281a	COSO58566091	COSV107414906	COSM10527934	64279946	c.144C>T	p.L48=	synonymous_variant			9	116356343	116356343	+	36219477		ENSP00000436168.1:p.Leu48=	ENST00000462403.1:c.144C>T	9:g.116356343C>T	C	T	Variant of unknown origin	y
SYNE1	COSG40620	ENST00000367255.5	COSS2833504	DS-49127	COSO28584826	COSV55089148	COSM5061509	35785835	c.18600C>T	p.S6200=	synonymous_variant			6	152590395	152590395	-	27302369		ENSP00000356224.5:p.Ser6200=	ENST00000367255.5:c.18600C>T	6:g.152590395G>A	G	A	Reported in another cancer sample as somatic	y
STAT3	COSG43628	ENST00000389272.3	COSS2954330	PD36439a	COSO32686091	COSV107280180	COSN32910208	42497158	c.-167+612C>T	p.?	intron_variant			17	40539685	40539685	-	36219477			ENST00000389272.3:c.-167+612C>T	17:g.40539685G>A	G	A	Variant of unknown origin	y
NTRK2	COSG11254	ENST00000277120.3	COSS2812904	109602	COSO28365314	COSV99456468	COSN31765854	23509559	c.1634-6394A>G	p.?	intron_variant			9	87542683	87542683	+	31470906			ENST00000277120.3:c.1634-6394A>G	9:g.87542683A>G	A	G	Variant of unknown origin	y
GLIS1	COSG28657	ENST00000312233.2	COSS1566760	HCC48T	COSO29825606	COSV56557913	COSN1105813	30062076	c.796-31735G>T	p.?	intron_variant	het		1	54027360	54027360	-		COSU323		ENST00000312233.2:c.796-31735G>T	1:g.54027360C>A	C	A	Variant of unknown origin	y
PIM1	COSG48961	ENST00000373509.5	COSS2878175	P386	COSO27984818	COSV105299331	COSM9863404	39524189	c.465_474del	p.R156Tfs*115	frameshift_variant			6	37139125	37139134	+	32187361		ENSP00000362608.5:p.Arg156ThrfsTer115	ENST00000373509.5:c.465_474del	6:g.37139125_37139134del	GCGGCACTGC		Variant of unknown origin	y
BCL2	COSG43017	ENST00000398117.1	COSS2766431	CC37	COSO28564826	COSV100382547	COSM7343109	46549261	c.119_121del	p.P40_G41delinsR	inframe_deletion			18	60985779	60985781	-	29844865		ENSP00000381185.1:p.Pro40_Gly41delinsArg	ENST00000398117.1:c.119_121del	18:g.60985779_60985781del	CCG		Variant of unknown origin	y
AMER1	COSG48847	ENST00000374869.3	COSS2720790	P-0004379-T01-IM5	COSO29025463	COSV57670846	COSM6935625	42967079	c.203C>A	p.T68N	missense_variant	het		X	63412964	63412964	-	28481359		ENSP00000364003.3:p.Thr68Asn	ENST00000374869.3:c.203C>A	X:g.63412964G>T	G	T	Confirmed somatic variant	y
ABI1	COSG5120	ENST00000376170.4	COSS2366573	S06-38853-TP	COSO32664830	COSV61016687	COSM4989945	42935048	c.398C>T	p.P133L	missense_variant	het		10	27066058	27066058	-	25589618		ENSP00000365340.4:p.Pro133Leu	ENST00000376170.4:c.398C>T	10:g.27066058G>A	G	A	Confirmed somatic variant	y
PRG4	COSG49683	ENST00000445192.2	COSS2938408	MCC13	COSO32766047	COSV63355932	COSM4227747	61722301	c.2290G>A	p.E764K	missense_variant			1	186277141	186277141	+	26627015		ENSP00000399679.2:p.Glu764Lys	ENST00000445192.2:c.2290G>A	1:g.186277141G>A	G	A	Confirmed somatic variant	y
KMT2C	COSG53044	ENST00000355193.2	COSS2727083	P-0011511-T01-IM5	COSO28454826	COSV51525165	COSM6981519	35246447	c.12524C>T	p.A4175V	missense_variant	het		7	151849963	151849963	-	28481359		ENSP00000347325.2:p.Ala4175Val	ENST00000355193.2:c.12524C>T	7:g.151849963G>A	G	A	Confirmed somatic variant	y
GRIN2A	COSG28306	ENST00000330684.3	COSS2727426	P-0012358-T01-IM5	COSO29025463	COSV58029216	COSM175923	26311189	c.4204C>T	p.R1402W	missense_variant	het		16	9857197	9857197	-	28481359		ENSP00000332549.3:p.Arg1402Trp	ENST00000330684.3:c.4204C>T	16:g.9857197G>A	G	A	Confirmed somatic variant	y
GRIN2A	COSG28306	ENST00000330684.3	COSS2954697	PD36286a	COSO32926050	COSV58029216	COSM175923	26311189	c.4204C>T	p.R1402W	missense_variant			16	9857197	9857197	-	36219477		ENSP00000332549.3:p.Arg1402Trp	ENST00000330684.3:c.4204C>T	16:g.9857197G>A	G	A	Reported in another cancer sample as somatic	y
GRIN2A	COSG28306	ENST00000330684.3	COSS2869892	5-VS061-T3	COSO32665726	COSV58029216	COSM175923	26311189	c.4204C>T	p.R1402W	missense_variant			16	9857197	9857197	-	26950094		ENSP00000332549.3:p.Arg1402Trp	ENST00000330684.3:c.4204C>T	16:g.9857197G>A	G	A	Reported in another cancer sample as somatic	y
GRIN2A	COSG28306	ENST00000330684.3	COSS2717619	P-0001603-T01-IM3	COSO32666078	COSV58029216	COSM175923	26311189	c.4204C>T	p.R1402W	missense_variant	het		16	9857197	9857197	-	28481359		ENSP00000332549.3:p.Arg1402Trp	ENST00000330684.3:c.4204C>T	16:g.9857197G>A	G	A	Confirmed somatic variant	y
KDR	COSG19857	ENST00000263923.4	COSS2723464	P-0007091-T01-IM5	COSO29915333	COSV55779982	COSM6955971	21148894	c.481C>A	p.L161I	missense_variant	het		4	55981456	55981456	-	28481359		ENSP00000263923.4:p.Leu161Ile	ENST00000263923.4:c.481C>A	4:g.55981456G>T	G	T	Confirmed somatic variant	y
BRCA1	COSG6829	ENST00000586385.1	COSS2768816	H_KU-20242-20242_core	COSO28394862	COSV99070712	COSM7345451	98792459	c.5-7276del	p.?	intron_variant			17	41223245	41223245	-	30181556			ENST00000586385.1:c.5-7276del	17:g.41223245del	A		Variant of unknown origin	y
SMARCA4	COSG50909	ENST00000358026.2	COSS2861626	s_DS_scb_051_P	COSO27965333	COSV105240406	COSM9577227	33391795	c.4825G>T	p.E1609*	stop_gained			19	11170522	11170522	+	29180607		ENSP00000350720.2:p.Glu1609Ter	ENST00000358026.2:c.4825G>T	19:g.11170522G>T	G	T	Confirmed somatic variant	y
TPTE	COSG37349	ENST00000298232.7	COSS2869731	5-GE004-T2	COSO32665726	COSV53402180	COSM3549693	28194986	c.1234G>A	p.D412N	missense_variant			21	10914431	10914431	-	26950094		ENSP00000298232.7:p.Asp412Asn	ENST00000298232.7:c.1234G>A	21:g.10914431C>T	C	T	Reported in another cancer sample as somatic	y
FGFR3	COSG22028	ENST00000260795.2	COSS2148486	2148486	COSO31984830	COSV53408403	COSM1428730	23981442	c.1950G>T	p.K650N	missense_variant			4	1807891	1807891	+	24667986		ENSP00000260795.2:p.Lys650Asn	ENST00000260795.2:c.1950G>T	4:g.1807891G>T	G	T	Confirmed somatic variant	y
MUC4	COSG15922	ENST00000346145.4	COSS2833583	DS-50896	COSO28584826	COSV104663008	COSM9352969	32041629	c.83-6257C>A	p.?	intron_variant			3	195511583	195511583	-	27302369			ENST00000346145.4:c.83-6257C>A	3:g.195511583G>T	G	T	Variant of unknown origin	y
RNF43	COSG43496	ENST00000581868.1	COSS2478285	2478285	COSO28695356	COSV68456799	COSM5613069	96258672	c.-47del	p.?	5_prime_UTR_variant			17	56448313	56448313	-	26924569			ENST00000581868.1:c.-47del	17:g.56448313del	G		Variant of unknown origin	y
EED	COSG29594	ENST00000263360.6	COSS2727456	P-0012400-T01-IM5	COSO299110404	COSV54559472	COSM6985029	25048276	c.340G>T	p.A114S	missense_variant	het		11	85963262	85963262	+	28481359		ENSP00000263360.6:p.Ala114Ser	ENST00000263360.6:c.340G>T	11:g.85963262G>T	G	T	Confirmed somatic variant	y
GNA11	COSG17168	ENST00000078429.4	COSS2905246	BL-18-J07041	COSO36634862	COSV105843055	COSM9999685	21673294	c.889+7dup	p.?	intron_variant,splice_region_variant			19	3119364	3119365	+	32321774			ENST00000078429.4:c.889+7dup	19:g.3119364dup		C	Variant of unknown origin	y
ERBB2	COSG18133	ENST00000584601.1	COSS2803878	P-0013876-T01-IM5	COSO28614826	COSV99507606	COSM9113141	97905156	c.397T>C	p.Y133H	missense_variant	het		17	37865618	37865618	+	29316426		ENSP00000462438.1:p.Tyr133His	ENST00000584601.1:c.397T>C	17:g.37865618T>C	T	C	Confirmed somatic variant	y
PCDHA10	COSG45416	ENST00000307360.5	COSS2954388	PD36275a	COSO58566050	COSV107276286	COSN32896235	28659725	c.*1102C>T	p.?	3_prime_UTR_variant			5	140390624	140390624	+	36219477			ENST00000307360.5:c.*1102C>T	5:g.140390624C>T	C	T	Variant of unknown origin	y
NFATC1	COSG13925	ENST00000427363.2	COSS2927307	PGM112	COSO36004826	COSV106090044	COSM10127303	56243233	c.2735C>T	p.T912M	missense_variant			18	77246890	77246890	+	25583476		ENSP00000389377.2:p.Thr912Met	ENST00000427363.2:c.2735C>T	18:g.77246890C>T	C	T	Confirmed somatic variant	y
PTPRD	COSG31734	ENST00000397611.3	COSS2720363	P-0003869-T01-IM5	COSO29914826	COSV61939991	COSM4139593	49334254	c.3008C>A	p.A1003D	missense_variant	het		9	8389380	8389380	-	28481359		ENSP00000380735.3:p.Ala1003Asp	ENST00000397611.3:c.3008C>A	9:g.8389380G>T	G	T	Confirmed somatic variant	y
MET	COSG20371	ENST00000436117.2	COSS2807296	MBC516	COSO28395278	COSV100576970	COSM9123334	56940202	c.1394T>G	p.V465G	missense_variant,splice_region_variant			7	116380005	116380005	+	31340200		ENSP00000410980.2:p.Val465Gly	ENST00000436117.2:c.1394T>G	7:g.116380005T>G	T	G	Variant of unknown origin	y
MET	COSG20371	ENST00000436117.2	COSS2807292	MBC512	COSO28395278	COSV100576970	COSM9123334	56940202	c.1394T>G	p.V465G	missense_variant,splice_region_variant			7	116380005	116380005	+	31340200		ENSP00000410980.2:p.Val465Gly	ENST00000436117.2:c.1394T>G	7:g.116380005T>G	T	G	Variant of unknown origin	y
MET	COSG20371	ENST00000436117.2	COSS2807244	MBC069T	COSO28395278	COSV100576970	COSM9123334	56940202	c.1394T>G	p.V465G	missense_variant,splice_region_variant			7	116380005	116380005	+	31340200		ENSP00000410980.2:p.Val465Gly	ENST00000436117.2:c.1394T>G	7:g.116380005T>G	T	G	Variant of unknown origin	y
MECOM	COSG6655	ENST00000464456.1	COSS2954338	PD36518a	COSO32926050	COSV107281895	COSN32893865	65954787	c.*989G>A	p.?	3_prime_UTR_variant	hom		3	168801708	168801708	-	36219477			ENST00000464456.1:c.*989G>A	3:g.168801708C>T	C	T	Variant of unknown origin	y
NOTCH1	COSG22509	ENST00000277541.6	COSS2720635	P-0004228-T01-IM5	COSO106214826	COSV53041019	COSM6934192	23719520	c.167G>A	p.R56Q	missense_variant	het		9	139418405	139418405	-	28481359		ENSP00000277541.6:p.Arg56Gln	ENST00000277541.6:c.167G>A	9:g.139418405C>T	C	T	Confirmed somatic variant	y
TP53	COSG29458	ENST00000359597.4	COSS2628445	CC1775	COSO28864826	COSV52919549	COSM6474225	35683154	c.115G>A	p.A39T	missense_variant			17	7579572	7579572	-	28002797		ENSP00000352610.4:p.Ala39Thr	ENST00000359597.4:c.115G>A	17:g.7579572C>T	C	T	Variant of unknown origin	y
CDKN2A	COSG8483	ENST00000579122.1	COSS2715300	P-0000444-T01-IM3	COSO31394826	COSV58713192	COSM6985451	97703659	c.286_288del	p.V96del	inframe_deletion	het		9	21971075	21971077	-	28481359		ENSP00000464202.1:p.Val96del	ENST00000579122.1:c.286_288del	9:g.21971075_21971077del	CCA		Confirmed somatic variant	y
CDKN2A	COSG8483	ENST00000579122.1	COSS2719354	P-0000444-T02-IM5	COSO31394826	COSV58713192	COSM6985451	97703659	c.286_288del	p.V96del	inframe_deletion	het		9	21971075	21971077	-	28481359		ENSP00000464202.1:p.Val96del	ENST00000579122.1:c.286_288del	9:g.21971075_21971077del	CCA		Confirmed somatic variant	y
BRCA1	COSG6829	ENST00000471181.2	COSS2368459	P100	COSO28864826	COSV58795619	COSM5009290	64167096	c.3063T>C	p.S1021=	synonymous_variant			17	41244485	41244485	-	24951259		ENSP00000418960.2:p.Ser1021=	ENST00000471181.2:c.3063T>C	17:g.41244485A>G	A	G	Confirmed somatic variant	y
PTEN	COSG24144	ENST00000371953.3	COSS847440	S67203	COSO29024862	COSV64310957	COSM5857	40574781	c.635del	p.N212Ifs*9	frameshift_variant,splice_region_variant			10	89717610	89717610	+	11585417		ENSP00000361021.3:p.Asn212IlefsTer9	ENST00000371953.3:c.635del	10:g.89717610del	A		Confirmed somatic variant	y
CDKN2A	COSG8483	ENST00000498124.1	COSS2726872	P-0011262-T01-IM5	COSO290212867	COSV58691928	COSM4448574	72990940	c.106del	p.A36Rfs*17	frameshift_variant	het		9	21974725	21974725	-	28481359		ENSP00000418915.1:p.Ala36ArgfsTer17	ENST00000498124.1:c.106del	9:g.21974725del	C		Confirmed somatic variant	y
CDKN2A	COSG8483	ENST00000498124.1	COSS2718392	P-0002093-T01-IM3	COSO27964881	COSV58691928	COSM4448574	72990940	c.106del	p.A36Rfs*17	frameshift_variant	het		9	21974725	21974725	-	28481359		ENSP00000418915.1:p.Ala36ArgfsTer17	ENST00000498124.1:c.106del	9:g.21974725del	C		Confirmed somatic variant	y
CDKN2A	COSG8483	ENST00000498124.1	COSS2721590	P-0005185-T01-IM5	COSO29005278	COSV58691928	COSM4448574	72990940	c.106del	p.A36Rfs*17	frameshift_variant	het		9	21974725	21974725	-	28481359		ENSP00000418915.1:p.Ala36ArgfsTer17	ENST00000498124.1:c.106del	9:g.21974725del	C		Confirmed somatic variant	y
CDKN2A	COSG8483	ENST00000498124.1	COSS2905677	BL-18-K11226	COSO28864826	COSV58691928	COSM4448574	72990940	c.106del	p.A36Rfs*17	frameshift_variant			9	21974725	21974725	-	32321774		ENSP00000418915.1:p.Ala36ArgfsTer17	ENST00000498124.1:c.106del	9:g.21974725del	C		Reported in another cancer sample as somatic	y
CDKN2A	COSG8483	ENST00000498124.1	COSS2701104	2701104	COSO31914826	COSV58691928	COSM4448574	72990940	c.106del	p.A36Rfs*17	frameshift_variant	het		9	21974725	21974725	-	28581676		ENSP00000418915.1:p.Ala36ArgfsTer17	ENST00000498124.1:c.106del	9:g.21974725del	C		Reported in another cancer sample as somatic	y
CDKN2A	COSG8483	ENST00000498124.1	COSS2721254	P-0004851-T01-IM5	COSO299110404	COSV58691928	COSM4448574	72990940	c.106del	p.A36Rfs*17	frameshift_variant	het		9	21974725	21974725	-	28481359		ENSP00000418915.1:p.Ala36ArgfsTer17	ENST00000498124.1:c.106del	9:g.21974725del	C		Confirmed somatic variant	y
KDM5C	COSG46591	ENST00000375379.3	COSS2726803	P-0011186-T01-IM5	COSO29914826	COSV64767055	COSM6979341	39951559	c.1866G>T	p.W622C	missense_variant,splice_region_variant	het		X	53231036	53231036	-	28481359		ENSP00000364528.3:p.Trp622Cys	ENST00000375379.3:c.1866G>T	X:g.53231036C>A	C	A	Confirmed somatic variant	y
PTPRB	COSG50634	ENST00000334414.6	COSS2954595	PD36459a	COSO33476091	COSV54245856	COSN13416124	27449670	c.*1461C>T	p.?	3_prime_UTR_variant			12	70913808	70913808	-	36219477			ENST00000334414.6:c.*1461C>T	12:g.70913808G>A	G	A	Variant of unknown origin	y
TRAF2	COSG43658	ENST00000536468.1	COSS2366567	S04-45633-TP	COSO32664830	COSV56037993	COSM4993292	83989381	c.1427C>T	p.S476F	missense_variant	het		9	139820274	139820274	+	25589618		ENSP00000446414.1:p.Ser476Phe	ENST00000536468.1:c.1427C>T	9:g.139820274C>T	C	T	Confirmed somatic variant	y
GRIK2	COSG33961	ENST00000369137.3	COSS2869767	5-GE052-T2	COSO32665726	COSV105180107	COSM9799485	35581905	c.1742C>T	p.A581V	missense_variant			6	102376392	102376392	+	26950094		ENSP00000358133.3:p.Ala581Val	ENST00000369137.3:c.1742C>T	6:g.102376392C>T	C	T	Variant of unknown origin	y
TET2	COSG8084	ENST00000545826.1	COSS2592673	2592673	COSO27984905	COSV54415761	COSM4383775	90132758	c.1021C>T	p.Q341*	stop_gained			4	106156120	106156120	+	27881874		ENSP00000442867.1:p.Gln341Ter	ENST00000545826.1:c.1021C>T	4:g.106156120C>T	C	T	Reported in another cancer sample as somatic	y
TET2	COSG8084	ENST00000545826.1	COSS1465340	PD5726a	COSO279810535	COSV54415761	COSM4383775	90132758	c.1021C>T	p.Q341*	stop_gained			4	106156120	106156120	+	24030381		ENSP00000442867.1:p.Gln341Ter	ENST00000545826.1:c.1021C>T	4:g.106156120C>T	C	T	Confirmed somatic variant	y
TET2	COSG8084	ENST00000545826.1	COSS2520587	AML_661	COSO27984905	COSV54415761	COSM4383775	90132758	c.1021C>T	p.Q341*	stop_gained			4	106156120	106156120	+	27288520		ENSP00000442867.1:p.Gln341Ter	ENST00000545826.1:c.1021C>T	4:g.106156120C>T	C	T	Reported in another cancer sample as somatic	y
ACOXL	COSG5979	ENST00000439055.1	COSS2373539	CSB1	COSO283911695	COSV61328582	COSM5025695	56392736	c.79G>C	p.E27Q	missense_variant			2	111542312	111542312	+	22722193		ENSP00000407761.1:p.Glu27Gln	ENST00000439055.1:c.79G>C	2:g.111542312G>C	G	C	Confirmed somatic variant	y
FLT4	COSG5045	ENST00000502649.1	COSS2726658	P-0011016-T01-IM5	COSO29914826	COSV56115090	COSM3614913	74028003	c.1499C>T	p.P500L	missense_variant	het		5	180050984	180050984	-	28481359		ENSP00000426057.1:p.Pro500Leu	ENST00000502649.1:c.1499C>T	5:g.180050984G>A	G	A	Confirmed somatic variant	y
FLT4	COSG5045	ENST00000502649.1	COSS2905379	BL-15-D37349	COSO31316078	COSV56115090	COSM3614913	74028003	c.1499C>T	p.P500L	missense_variant			5	180050984	180050984	-	32321774		ENSP00000426057.1:p.Pro500Leu	ENST00000502649.1:c.1499C>T	5:g.180050984G>A	G	A	Reported in another cancer sample as somatic	y
ETV1	COSG9899	ENST00000405192.2	COSS2724712	P-0008649-T01-IM5	COSO28245232	COSV54141811	COSM5776559	48975249	c.1151G>A	p.G384E	missense_variant	het		7	13935705	13935705	-	28481359		ENSP00000385381.2:p.Gly384Glu	ENST00000405192.2:c.1151G>A	7:g.13935705C>T	C	T	Confirmed somatic variant	y
ETV1	COSG9899	ENST00000405192.2	COSS2937700	2937700	COSO32666047	COSV54141811	COSM5776559	48975249	c.1151G>A	p.G384E	missense_variant			7	13935705	13935705	-	32188490		ENSP00000385381.2:p.Gly384Glu	ENST00000405192.2:c.1151G>A	7:g.13935705C>T	C	T	Reported in another cancer sample as somatic	y
ARID5B	COSG27100	ENST00000279873.7	COSS2725358	P-0009431-T01-IM5	COSO29914826	COSV54415158	COSM6950525	24967670	c.1489dup	p.I497Nfs*31	frameshift_variant	het		10	63850711	63850712	+	28481359		ENSP00000279873.7:p.Ile497AsnfsTer31	ENST00000279873.7:c.1489dup	10:g.63850711dup		A	Confirmed somatic variant	y
ARID5B	COSG27100	ENST00000279873.7	COSS2722757	P-0006380-T01-IM5	COSO30135463	COSV54415158	COSM6950525	24967670	c.1489dup	p.I497Nfs*31	frameshift_variant	het		10	63850711	63850712	+	28481359		ENSP00000279873.7:p.Ile497AsnfsTer31	ENST00000279873.7:c.1489dup	10:g.63850711dup		A	Confirmed somatic variant	y
ARID5B	COSG27100	ENST00000279873.7	COSS2725045	P-0009057-T01-IM5	COSO36004826	COSV54415158	COSM6950525	24967670	c.1489dup	p.I497Nfs*31	frameshift_variant	het		10	63850711	63850712	+	28481359		ENSP00000279873.7:p.Ile497AsnfsTer31	ENST00000279873.7:c.1489dup	10:g.63850711dup		A	Confirmed somatic variant	y
ARID5B	COSG27100	ENST00000279873.7	COSS2726695	P-0011068-T01-IM5	COSO28564826	COSV54415158	COSM6950525	24967670	c.1489dup	p.I497Nfs*31	frameshift_variant	het		10	63850711	63850712	+	28481359		ENSP00000279873.7:p.Ile497AsnfsTer31	ENST00000279873.7:c.1489dup	10:g.63850711dup		A	Confirmed somatic variant	y
DICER1	COSG46920	ENST00000541352.1	COSS2718814	P-0002551-T01-IM3	COSO29914826	COSV58621882	COSM6923067	86790037	c.4286G>T	p.W1429L	missense_variant	het		14	95562971	95562971	-	28481359		ENSP00000444719.1:p.Trp1429Leu	ENST00000541352.1:c.4286G>T	14:g.95562971C>A	C	A	Confirmed somatic variant	y
APC	COSG39888	ENST00000257430.4	COSS2722237	P-0005851-T01-IM5	COSO29914883	COSV57365462	COSM6946667	21210776	c.4909G>A	p.D1637N	missense_variant	het		5	112176200	112176200	+	28481359		ENSP00000257430.4:p.Asp1637Asn	ENST00000257430.4:c.4909G>A	5:g.112176200G>A	G	A	Confirmed somatic variant	y
KMT2A	COSG41762	ENST00000534358.1	COSS1520712	103595	COSO29914830	COSV63288097	COSM94710	84619713	c.9135G>T	p.Q3045H	missense_variant			11	118375742	118375742	+	20668451		ENSP00000436786.1:p.Gln3045His	ENST00000534358.1:c.9135G>T	11:g.118375742G>T	G	T	Confirmed somatic variant	y
TRERF1	COSG19555	ENST00000372917.4	COSS2954325	PD36393a	COSO32686050	COSV107432036	COSN32897061	40651374	c.-370-13C>T	p.?	intron_variant			6	42268500	42268500	-	36219477			ENST00000372917.4:c.-370-13C>T	6:g.42268500G>A	G	A	Variant of unknown origin	y
TSC2	COSG18300	ENST00000568454.1	COSS2954628	PD36649a	COSO58566091	COSV107268423	COSN32908224	93654510	c.3186-37G>A	p.?	intron_variant			16	2129521	2129521	+	36219477			ENST00000568454.1:c.3186-37G>A	16:g.2129521G>A	G	A	Variant of unknown origin	y
SHC1	COSG28302	ENST00000606391.1	COSS2807242	MBC064T	COSO28395278	COSV100821189	COSM9125903	101772498	c.907C>T	p.L303=	synonymous_variant			1	154938138	154938138	-	31340200		ENSP00000475850.1:p.Leu303=	ENST00000606391.1:c.907C>T	1:g.154938138G>A	G	A	Variant of unknown origin	y
BCORL1	COSG33827	ENST00000540052.1	COSS2905637	BL-15-D37854	COSO29915674	COSV105870187	COSM9991984	85031044	c.90A>T	p.R30S	missense_variant			X	129146557	129146557	+	32321774		ENSP00000437775.1:p.Arg30Ser	ENST00000540052.1:c.90A>T	X:g.129146557A>T	A	T	Variant of unknown origin	y
NODAL	COSG33846	ENST00000287139.3	COSS2955802	32	COSO36605381	COSV54660789	COSM3751930	24744195	c.494A>G	p.H165R	missense_variant			10	72195439	72195439	-	31636198		ENSP00000287139.3:p.His165Arg	ENST00000287139.3:c.494A>G	10:g.72195439T>C	T	C	Reported in another cancer sample as somatic	y
NODAL	COSG33846	ENST00000287139.3	COSS2955809	36	COSO36605381	COSV54660789	COSM3751930	24744195	c.494A>G	p.H165R	missense_variant			10	72195439	72195439	-	31636198		ENSP00000287139.3:p.His165Arg	ENST00000287139.3:c.494A>G	10:g.72195439T>C	T	C	Reported in another cancer sample as somatic	y
FLT3	COSG1417	ENST00000537084.1	COSS2770822	BS1	COSO27984908	COSV54069572	COSM256021	86399383	c.1762_1788dup	p.E588_E596dup	inframe_insertion	het		13	28608294	28608295	-	28157215		ENSP00000438139.1:p.Glu588_Glu596dup	ENST00000537084.1:c.1762_1788dup	13:g.28608268_28608294dup		TTCTCTGAAATCAACGTAGAAGTACTC	Variant of unknown origin	y
FLT3	COSG1417	ENST00000537084.1	COSS1732675	1732675	COSO27984905	COSV54069572	COSM256021	86399383	c.1762_1788dup	p.E588_E596dup	inframe_insertion			13	28608294	28608295	-	22129478		ENSP00000438139.1:p.Glu588_Glu596dup	ENST00000537084.1:c.1762_1788dup	13:g.28608268_28608294dup		TTCTCTGAAATCAACGTAGAAGTACTC	Variant of unknown origin	y
PAX5	COSG21945	ENST00000377847.2	COSS2721710	P-0005309-T01-IM5	COSO313120109	COSV63909736	COSM6942525	44490664	c.780+2T>C	p.?	splice_donor_variant	het		9	36966544	36966544	-	28481359			ENST00000377847.2:c.780+2T>C	9:g.36966544A>G	A	G	Confirmed somatic variant	y
NSD1	COSG47908	ENST00000354179.4	COSS2724960	P-0008943-T01-IM5	COSO313120107	COSV61770399	COSM6965765	31583360	c.7171C>A	p.Q2391K	missense_variant	het		5	176722347	176722347	+	28481359		ENSP00000346111.4:p.Gln2391Lys	ENST00000354179.4:c.7171C>A	5:g.176722347C>A	C	A	Confirmed somatic variant	y
CSF3R	COSG16010	ENST00000418048.2	COSS2954635	PD36701a	COSO32686091	COSV107394671	COSN32887038	53334640	c.65-509G>A	p.?	intron_variant			1	36941783	36941783	-	36219477			ENST00000418048.2:c.65-509G>A	1:g.36941783C>T	C	T	Variant of unknown origin	y
NFATC4	COSG1146	ENST00000554344.1	COSS2954320	PD36329a	COSO58566050	COSV107225314	COSM10531094	93175516	c.886G>A	p.G296R	missense_variant			14	24839700	24839700	+	36219477		ENSP00000450469.1:p.Gly296Arg	ENST00000554344.1:c.886G>A	14:g.24839700G>A	G	A	Variant of unknown origin	y
NF2	COSG41164	ENST00000403999.3	COSS1052621	1052621	COSO56405274	COSV58529508	COSM24200	49897097	c.1122_1122+6del	p.?	coding_sequence_variant,intron_variant,splice_donor_variant			22	30067937	30067943	+	8162016			ENST00000403999.3:c.1122_1122+6del	22:g.30067937_30067943del	GGTGATT		Confirmed somatic variant	y
TP53	COSG29458	ENST00000269305.4	COSS2829896	P-0005631-T01-IM5	COSO28395278	COSV52829354	COSM1172475	23396907	c.695T>G	p.I232S	missense_variant			17	7577586	7577586	-	30205045		ENSP00000269305.4:p.Ile232Ser	ENST00000269305.4:c.695T>G	17:g.7577586A>C	A	C	Confirmed somatic variant	y
TP53	COSG29458	ENST00000269305.4	COSS2878418	P629	COSO27984818	COSV52829354	COSM1172475	23396907	c.695T>G	p.I232S	missense_variant			17	7577586	7577586	-	32187361		ENSP00000269305.4:p.Ile232Ser	ENST00000269305.4:c.695T>G	17:g.7577586A>C	A	C	Reported in another cancer sample as somatic	y
TP53	COSG29458	ENST00000269305.4	COSS1419676	T0927	COSO28394888	COSV52829354	COSM1172475	23396907	c.695T>G	p.I232S	missense_variant			17	7577586	7577586	-	8934544		ENSP00000269305.4:p.Ile232Ser	ENST00000269305.4:c.695T>G	17:g.7577586A>C	A	C	Reported in another cancer sample as somatic	y
TP53	COSG29458	ENST00000269305.4	COSS1860097	CHSCC186PT	COSO31394830	COSV52829354	COSM1172475	23396907	c.695T>G	p.I232S	missense_variant			17	7577586	7577586	-	22877736		ENSP00000269305.4:p.Ile232Ser	ENST00000269305.4:c.695T>G	17:g.7577586A>C	A	C	Confirmed somatic variant	y
TP53	COSG29458	ENST00000269305.4	COSS2844710	SNU-2571	COSO29005278	COSV52829354	COSM1172475	23396907	c.695T>G	p.I232S	missense_variant			17	7577586	7577586	-	31688591		ENSP00000269305.4:p.Ile232Ser	ENST00000269305.4:c.695T>G	17:g.7577586A>C	A	C	Reported in another cancer sample as somatic	y
TP53	COSG29458	ENST00000269305.4	COSS1382389	WON00-JP2	COSO29825606	COSV52829354	COSM1172475	23396907	c.695T>G	p.I232S	missense_variant			17	7577586	7577586	-	11051249		ENSP00000269305.4:p.Ile232Ser	ENST00000269305.4:c.695T>G	17:g.7577586A>C	A	C	Reported in another cancer sample as somatic	y
TP53	COSG29458	ENST00000269305.4	COSS1956975	G12	COSO28245237	COSV52829354	COSM1172475	23396907	c.695T>G	p.I232S	missense_variant			17	7577586	7577586	-	23104868		ENSP00000269305.4:p.Ile232Ser	ENST00000269305.4:c.695T>G	17:g.7577586A>C	A	C	Confirmed somatic variant	y
TP53	COSG29458	ENST00000269305.4	COSS2313850	SC-her2-029	COSO283919543	COSV52829354	COSM1172475	23396907	c.695T>G	p.I232S	missense_variant			17	7577586	7577586	-	24185512		ENSP00000269305.4:p.Ile232Ser	ENST00000269305.4:c.695T>G	17:g.7577586A>C	A	C	Confirmed somatic variant	y
TP53	COSG29458	ENST00000269305.4	COSS2722027	P-0005631-T01-IM5	COSO28395278	COSV52829354	COSM1172475	23396907	c.695T>G	p.I232S	missense_variant	het		17	7577586	7577586	-	28481359		ENSP00000269305.4:p.Ile232Ser	ENST00000269305.4:c.695T>G	17:g.7577586A>C	A	C	Confirmed somatic variant	y
TTN	COSG1777	ENST00000460472.2	COSS2833806	DS-55003	COSO28584826	COSV60241719	COSM5456887	62546217	c.59458C>T	p.R19820C	missense_variant			2	179424206	179424206	-	27302369		ENSP00000434586.1:p.Arg19820Cys	ENST00000460472.2:c.59458C>T	2:g.179424206G>A	G	A	Reported in another cancer sample as somatic	y
